group_id,group_type,material_asset_paths,shader,texture_references,important_property_differences,renderer_count,material_slots,materials_in_group,merging_safe,material_property_block_more_appropriate,would_enable_batching,expected_draw_call_impact,visual_or_interaction_risk
EXACT-1,Exact duplicate,Assets/BCaT_assets/BTMMP_Workstation_Assembly/drone.glb|Assets/BCaT_assets/BTMMP_Workstation_Assembly/drone.glb|Assets/BCaT_assets/BTMMP_Workstation_Assembly/drone.glb|Assets/BCaT_assets/BTMMP_Workstation_Assembly/drone.glb|Assets/BCaT_assets/BTMMP_Workstation_Assembly/drone.glb|Assets/BCaT_assets/BTMMP_Workstation_Assembly/drone.glb|Assets/BCaT_assets/BTMMP_Workstation_Assembly/drone.glb|Assets/BCaT_assets/BTMMP_Workstation_Assembly/drone.glb|Assets/BCaT_assets/BTMMP_Workstation_Assembly/drone.glb|Assets/BCaT_assets/BTMMP_Workstation_Assembly/drone.glb|Assets/BCaT_assets/BTMMP_Workstation_Assembly/drone.glb|Assets/BCaT_assets/BTMMP_Workstation_Assembly/drone.glb|Assets/BCaT_assets/BTMMP_Workstation_Assembly/drone.glb|Assets/BCaT_assets/BTMMP_Workstation_Assembly/drone.glb|Assets/BCaT_assets/BTMMP_Workstation_Assembly/drone.glb|Assets/BCaT_assets/BTMMP_Workstation_Assembly/drone.glb|Assets/BCaT_assets/BTMMP_Workstation_Assembly/drone.glb|Assets/BCaT_assets/BTMMP_Workstation_Assembly/drone.glb|Assets/BCaT_assets/BTMMP_Workstation_Assembly/drone.glb|Assets/BCaT_assets/BTMMP_Workstation_Assembly/drone.glb|Assets/BCaT_assets/BTMMP_Workstation_Assembly/drone.glb|Assets/BCaT_assets/BTMMP_Workstation_Assembly/drone.glb|Assets/BCaT_assets/BTMMP_Workstation_Assembly/drone.glb|Assets/BCaT_assets/BTMMP_Workstation_Assembly/drone.glb|Assets/BCaT_assets/BTMMP_Workstation_Assembly/drone.glb|Assets/BCaT_assets/BTMMP_Workstation_Assembly/drone.glb|Assets/BCaT_assets/BTMMP_Workstation_Assembly/drone.glb|Assets/BCaT_assets/BTMMP_Workstation_Assembly/drone.glb|Assets/BCaT_assets/BTMMP_Workstation_Assembly/drone.glb|Assets/BCaT_assets/BTMMP_Workstation_Assembly/drone.glb|Assets/BCaT_assets/BTMMP_Workstation_Assembly/drone.glb|Assets/BCaT_assets/BTMMP_Workstation_Assembly/drone.glb|Assets/BCaT_assets/BTMMP_Workstation_Assembly/drone.glb|Assets/BCaT_assets/BTMMP_Workstation_Assembly/drone.glb|Assets/BCaT_assets/BTMMP_Workstation_Assembly/drone.glb|Assets/BCaT_assets/BTMMP_Workstation_Assembly/drone.glb|Assets/BCaT_assets/BTMMP_Workstation_Assembly/drone.glb|Assets/BCaT_assets/BTMMP_Workstation_Assembly/drone.glb|Assets/BCaT_assets/BTMMP_Workstation_Assembly/drone.glb|Assets/BCaT_assets/BTMMP_Workstation_Assembly/drone.glb|Assets/BCaT_assets/BTMMP_Workstation_Assembly/drone.glb|Assets/BCaT_assets/BTMMP_Workstation_Assembly/drone.glb|Assets/BCaT_assets/BTMMP_Workstation_Assembly/drone.glb|Assets/BCaT_assets/BTMMP_Workstation_Assembly/drone.glb|Assets/BCaT_assets/BTMMP_Workstation_Assembly/drone.glb|Assets/BCaT_assets/BTMMP_Workstation_Assembly/drone.glb|Assets/BCaT_assets/BTMMP_Workstation_Assembly/drone.glb|Assets/BCaT_assets/BTMMP_Workstation_Assembly/drone.glb|Assets/BCaT_assets/BTMMP_Workstation_Assembly/drone.glb|Assets/BCaT_assets/BTMMP_Workstation_Assembly/drone.glb|Assets/BCaT_assets/BTMMP_Workstation_Assembly/drone.glb|Assets/BCaT_assets/BTMMP_Workstation_Assembly/drone.glb|Assets/BCaT_assets/BTMMP_Workstation_Assembly/drone.glb|Assets/BCaT_assets/BTMMP_Workstation_Assembly/drone.glb|Assets/BCaT_assets/BTMMP_Workstation_Assembly/drone.glb|Assets/BCaT_assets/BTMMP_Workstation_Assembly/drone.glb|Assets/BCaT_assets/BTMMP_Workstation_Assembly/drone.glb|Assets/BCaT_assets/BTMMP_Workstation_Assembly/drone.glb|Assets/BCaT_assets/BTMMP_Workstation_Assembly/drone.glb|Assets/BCaT_assets/BTMMP_Workstation_Assembly/drone.glb|Assets/BCaT_assets/BTMMP_Workstation_Assembly/drone.glb|Assets/BCaT_assets/BTMMP_Workstation_Assembly/drone.glb|Assets/BCaT_assets/BTMMP_Workstation_Assembly/drone.glb|Assets/BCaT_assets/BTMMP_Workstation_Assembly/drone.glb|Assets/BCaT_assets/BTMMP_Workstation_Assembly/drone.glb|Assets/BCaT_assets/BTMMP_Workstation_Assembly/drone.glb|Assets/BCaT_assets/BTMMP_Workstation_Assembly/drone.glb|Assets/BCaT_assets/BTMMP_Workstation_Assembly/drone.glb|Assets/BCaT_assets/BTMMP_Workstation_Assembly/drone.glb|Assets/BCaT_assets/BTMMP_Workstation_Assembly/drone.glb|Assets/BCaT_assets/BTMMP_Workstation_Assembly/drone.glb|Assets/BCaT_assets/BTMMP_Workstation_Assembly/drone.glb|Assets/BCaT_assets/BTMMP_Workstation_Assembly/drone.glb|Assets/BCaT_assets/BTMMP_Workstation_Assembly/drone.glb|Assets/BCaT_assets/BTMMP_Workstation_Assembly/drone.glb|Assets/BCaT_assets/BTMMP_Workstation_Assembly/drone.glb|Assets/BCaT_assets/BTMMP_Workstation_Assembly/drone.glb,UnityGLTF/PBRGraph,3582Assets/BCaT_assets/BTMMP_Workstation_Assembly/drone.glb|3583Assets/BCAT_GLB_TextureRemediation/drone/Texture_3 _01.png,Full material signature matches,77,77,77,Yes,No,Yes,Medium,Low
EXACT-2,Exact duplicate,Assets/My_Custom/mtrls/HallWood 2.mat|Assets/My_Custom/mtrls/HallWood 3.mat|Assets/My_Custom/mtrls/HallWood 4.mat|Assets/My_Custom/mtrls/HallWood 1.mat,Universal Render Pipeline/Lit,3573Assets/My_Custom/txtrs/221_siding wood texture-seamless.jpg|3574Assets/My_Custom/txtrs/221_siding wood texture-seamless.jpg,Full material signature matches,21,21,4,Yes,No,Yes,Medium,Low
EXACT-3,Exact duplicate,Assets/My_Custom/mtrls/OldStairway.mat|Assets/My_Custom/mtrls/OldPathway.mat,Universal Render Pipeline/Lit,3573Assets/My_Custom/txtrs/PavingStones119_1K-PNG_Color.png|3574Assets/My_Custom/txtrs/PavingStones119_1K-PNG_Color.png,Full material signature matches,12,12,2,Yes,No,Yes,Low,Low
EXACT-4,Exact duplicate,Assets/My_Custom/morten-s.glb|Assets/My_Custom/morten-s.glb|Assets/My_Custom/morten-s.glb|Assets/My_Custom/morten-s.glb,UnityGLTF/PBRGraph,3570Assets/My_Custom/morten-s.glb,Full material signature matches,6,6,4,Yes,No,Yes,Low,Low
EXACT-5,Exact duplicate,Assets/My_Custom/morten-s.glb|Assets/My_Custom/morten-s.glb|Assets/My_Custom/morten-s.glb|Assets/My_Custom/morten-s.glb|Assets/My_Custom/morten-s.glb,UnityGLTF/PBRGraph,,Full material signature matches,6,6,5,Yes,No,Yes,Low,Low
EXACT-6,Exact duplicate,Assets/My_Custom/modern_scandinavian_kitchen_island.glb|Assets/My_Custom/modern_scandinavian_kitchen_island.glb|Assets/My_Custom/modern_scandinavian_kitchen_island.glb|Assets/My_Custom/modern_scandinavian_kitchen_island.glb|Assets/My_Custom/modern_scandinavian_kitchen_island.glb,UnityGLTF/PBRGraph,3570Assets/My_Custom/modern_scandinavian_kitchen_island.glb|3591Assets/My_Custom/modern_scandinavian_kitchen_island.glb,Full material signature matches,5,5,5,Yes,No,Yes,Low,Low
EXACT-7,Exact duplicate,Assets/BCaT_assets/BTMMP_Workstation_Assembly/camera-canon-eos-400d/source/Cilindro low-bajo.fbx|Assets/BCaT_assets/BTMMP_Workstation_Assembly/camera-canon-eos-400d/source/Cilindro low-bajo.fbx|Assets/BCaT_assets/BTMMP_Workstation_Assembly/camera-canon-eos-400d/source/Cilindro low-bajo.fbx|Assets/BCaT_assets/BTMMP_Workstation_Assembly/camera-canon-eos-400d/source/Cilindro low-bajo.fbx,Universal Render Pipeline/Lit,,Full material signature matches,4,4,4,Yes,No,Yes,Low,Low
EXACT-8,Exact duplicate,Assets/BCaT_assets/BTMMP_Workstation_Assembly/flowerbarrel_with_tulips.glb|Assets/BCaT_assets/BTMMP_Workstation_Assembly/flowerbarrel_with_tulips.glb|Assets/BCaT_assets/BTMMP_Workstation_Assembly/flowerbarrel_with_tulips.glb|Assets/BCaT_assets/BTMMP_Workstation_Assembly/flowerbarrel_with_tulips.glb,UnityGLTF/PBRGraph,3570Assets/BCaT_assets/BTMMP_Workstation_Assembly/flowerbarrel_with_tulips.glb|3582Assets/BCaT_assets/BTMMP_Workstation_Assembly/flowerbarrel_with_tulips.glb,Full material signature matches,4,4,4,Yes,No,Yes,Low,Low
EXACT-9,Exact duplicate,Assets/BCaT_assets/SewingRoom/bed.glb|Assets/BCaT_assets/SewingRoom/bed.glb|Assets/BCaT_assets/SewingRoom/bed.glb,UnityGLTF/PBRGraph,3570Assets/BCaT_assets/SewingRoom/bed.glb|3581Assets/BCaT_assets/SewingRoom/bed.glb|3582Assets/BCaT_assets/SewingRoom/bed.glb|3583Assets/BCaT_assets/SewingRoom/bed.glb,Full material signature matches,3,3,3,Yes,No,Yes,Low,Low
EXACT-10,Exact duplicate,Assets/BCaT_assets/BTMMP_Workstation_Assembly/camera-canon-eos-400d/source/Cilindro low-bajo.fbx|Assets/BCaT_assets/BTMMP_Workstation_Assembly/camera-canon-eos-400d/source/Cilindro low-bajo.fbx,Shader Graphs/ArnoldStandardSurface,,Full material signature matches,2,2,2,Yes,No,Yes,Low,Low
EXACT-11,Exact duplicate,Assets/Furniture Mega Pack/FBX/Sofa/Sofa33.fbx|Assets/Furniture Mega Pack/FBX/Table/Table04.fbx,Universal Render Pipeline/Lit,,Full material signature matches,2,2,2,Yes,No,Yes,Low,Low
EXACT-12,Exact duplicate,Assets/My_Custom/morten-s.glb|Assets/My_Custom/morten-s.glb,UnityGLTF/PBRGraph,,Full material signature matches,2,2,2,Yes,No,Yes,Low,Low
NEAR-13,Near duplicate same shader/textures,Assets/Idyllic Italian Coast Town/Materials/M_wall_plaster.mat|Assets/Idyllic Italian Coast Town/Materials/M_wall_plaster 10.mat|Assets/Idyllic Italian Coast Town/Materials/M_wall_plaster 3.mat,Universal Render Pipeline/Lit,3573Assets/Idyllic Italian Coast Town/Textures/M_wall_plaster_BaseColor.png|3574Assets/Idyllic Italian Coast Town/Textures/M_wall_plaster_BaseColor.png|3576Assets/Idyllic Italian Coast Town/Textures/M_wall_plaster_Normal.png|3577Assets/Idyllic Italian Coast Town/Textures/M_wall_plaster_height.png,Same shader and texture set; inspect scalar/color differences,84,84,3,Maybe,Maybe if color/float variation is intentional,Likely,Medium,Medium
NEAR-14,Near duplicate same shader/textures,Packages/com.unity.render-pipelines.universal/Runtime/Materials/Lit.mat|Assets/LowPolyLivingRoomPack/ScenesDemo/M_LowPolyLivingRoom_Floor.mat|Assets/StarterAssets/Environment/Art/Materials/GreyBlue_Mat.mat|Assets/DevDen Arch Viz Scotland/Materials/Common/Cherry Highgloss.mat|Assets/BCaT/Exhibits/BlackKitchen/Materials/BlackKitchen_DarkFloor.mat|Assets/DevDen Arch Viz Scotland/Materials/Study Room/PictureBorder01.mat|Assets/DevDen Arch Viz Scotland/Materials/Study Room/LightChrome01.mat|Assets/UnityTechnologies/Basic Asset Pack Interior/Materials/Cream.mat|Assets/BCaT_assets/LindaLeaks/Materials/LL_WarmPaper.mat|Assets/BCaT_assets/LindaLeaks/Materials/LL_MossGreen.mat|Assets/DevDen Arch Viz Scotland/Materials/Common/Chrome Clean.mat|Assets/DevDen Arch Viz Scotland/Materials/Bed Room/CommonPlastic01.mat|Assets/DevDen Arch Viz Scotland/Materials/Bathroom/Mirror01.mat|Assets/DevDen Arch Viz Scotland/Materials/Bathroom/LightEmission01.mat|Assets/My_Custom/SecurityCamera_LowPoly.fbx|Assets/My_Custom/SecurityCamera_LowPoly.fbx|Assets/My_Custom/SecurityCamera_LowPoly.fbx|Assets/My_Custom/SecurityCamera_LowPoly.fbx|Assets/My_Custom/SecurityCamera_LowPoly.fbx|Assets/My_Custom/SecurityCamera_LowPoly.fbx|Assets/My_Custom/SecurityCamera_LowPoly.fbx|Assets/DevDen Arch Viz Scotland/Materials/Bathroom/ceiling_light_emission.mat|Assets/DevDen Arch Viz Scotland/Materials/Bathroom/ceiling_light.mat|Assets/danthaigames/DS 80s Television/Materials/TV Screen Surround.mat|Assets/danthaigames/DS 80s Television/Materials/TV Chrome.mat|Assets/danthaigames/DS 80s Television/Materials/TV Feet.mat|Assets/Idyllic Italian Coast Town/Materials/M_metal_dark.mat,Universal Render Pipeline/Lit,,Same shader and texture set; inspect scalar/color differences,41,41,27,Maybe,Maybe if color/float variation is intentional,Likely,Medium,Medium
NEAR-15,Near duplicate same shader/textures,Assets/Samples/XR Interaction Toolkit/3.3.1/Starter Assets/Materials/Controller_Grey.mat|Assets/Samples/XR Interaction Toolkit/3.3.1/Starter Assets/Materials/Controller_White.mat,Universal Render Pipeline/Lit,3571Assets/Samples/XR Interaction Toolkit/3.3.1/Starter Assets/Textures/DefaultMaterial_AO.png|3572Assets/Samples/XR Interaction Toolkit/3.3.1/Starter Assets/Textures/DefaultMaterial_AO.png,Same shader and texture set; inspect scalar/color differences,36,36,2,Maybe,Maybe if color/float variation is intentional,Likely,Medium,Medium
NEAR-16,Near duplicate same shader/textures,Assets/My_Custom/zedah_prevalent_52_inch_luxury_fan.glb|Assets/My_Custom/zedah_prevalent_52_inch_luxury_fan.glb|Assets/BCaT_assets/BTMMP_Workstation_Assembly/notebook.glb|Assets/BCaT_assets/BTMMP_Workstation_Assembly/notebook.glb|Assets/BCaT_assets/BTMMP_Workstation_Assembly/notebook.glb,UnityGLTF/PBRGraph,,Same shader and texture set; inspect scalar/color differences,15,15,5,Maybe,Maybe if color/float variation is intentional,Likely,Low,Medium
NEAR-17,Near duplicate same shader/textures,Assets/BCaT/Exhibits/PrivacyLawExhibit/Materials/PrivacyLaw_HologramLine.mat|Assets/BCaT/Exhibits/PrivacyLawExhibit/Materials/PrivacyLaw_Panel.mat,Universal Render Pipeline/Unlit,,Same shader and texture set; inspect scalar/color differences,18,18,2,Maybe,Maybe if color/float variation is intentional,Likely,Low,Medium
NEAR-18,Near duplicate same shader/textures,Assets/Idyllic Italian Coast Town/Meshes/Props/SM_fence_02.fbx|Assets/Idyllic Italian Coast Town/Meshes/Props/SM_flowerpot_04.fbx|Assets/Idyllic Italian Coast Town/Meshes/Props/SM_flowerpot_04.fbx|Assets/Idyllic Italian Coast Town/Meshes/Buildings/SM_building_gate.fbx|Assets/Idyllic Italian Coast Town/Meshes/Buildings/SM_church_italy.fbx,Shader Graphs/PhysicalMaterial3DsMax,,Same shader and texture set; inspect scalar/color differences,9,9,5,Maybe,Maybe if color/float variation is intentional,Likely,Low,Medium
NEAR-19,Near duplicate same shader/textures,Assets/DevDen Arch Viz Scotland/Materials/Study Room/book_9.mat|Assets/HyTeKGames/SRPMaterialConverter/ConvertedMaterials/book_9.mat,Universal Render Pipeline/Lit,3573Assets/DevDen Arch Viz Scotland/Textures/Study Room/Books Pack/book_9.png|3574Assets/DevDen Arch Viz Scotland/Textures/Study Room/Books Pack/book_9.png,Same shader and texture set; inspect scalar/color differences,3,3,2,Maybe,Maybe if color/float variation is intentional,Likely,Low,Medium
NEAR-20,Near duplicate same shader/textures,Resources/unity_builtin_extra|Assets/StarterAssets/Environment/Art/Skybox/SkyboxLite.mat,Skybox/Procedural,,Same shader and texture set; inspect scalar/color differences,2,2,2,Maybe,Maybe if color/float variation is intentional,Likely,Low,Medium
SINGLE-21,Single-use material atlas candidate,Assets/BCaT_assets/BTMMP_Workstation_Assembly/camera-canon-eos-400d/source/Cilindro low-bajo.fbx,Shader Graphs/ArnoldStandardSurface,,Referenced once in focused scenes,1,1,1,No direct merge; atlas/group only,No,Potentially,Low,Medium
SINGLE-22,Single-use material atlas candidate,Assets/BCaT_assets/BTMMP_Workstation_Assembly/camera-canon-eos-400d/source/Cilindro low-bajo.fbx,Shader Graphs/ArnoldStandardSurface,,Referenced once in focused scenes,1,1,1,No direct merge; atlas/group only,No,Potentially,Low,Medium
SINGLE-23,Single-use material atlas candidate,Assets/Idyllic Italian Coast Town/Meshes/Props/SM_flowerpot_04.fbx,Shader Graphs/PhysicalMaterial3DsMax,,Referenced once in focused scenes,1,1,1,No direct merge; atlas/group only,No,Potentially,Low,Medium
SINGLE-24,Single-use material atlas candidate,Assets/Idyllic Italian Coast Town/Meshes/Props/SM_flowerpot_04.fbx,Shader Graphs/PhysicalMaterial3DsMax,,Referenced once in focused scenes,1,1,1,No direct merge; atlas/group only,No,Potentially,Low,Medium
SINGLE-25,Single-use material atlas candidate,Assets/Idyllic Italian Coast Town/Meshes/Props/SM_flowerpot_04.fbx,Shader Graphs/PhysicalMaterial3DsMax,3592Assets/Idyllic Italian Coast Town/Textures/M_flowers_base_BaseColor.png,Referenced once in focused scenes,1,1,1,No direct merge; atlas/group only,No,Potentially,Low,Medium
SINGLE-26,Single-use material atlas candidate,Assets/Idyllic Italian Coast Town/Meshes/Buildings/SM_building_gate.fbx,Shader Graphs/PhysicalMaterial3DsMax,,Referenced once in focused scenes,1,1,1,No direct merge; atlas/group only,No,Potentially,Low,Medium
SINGLE-27,Single-use material atlas candidate,Assets/Idyllic Italian Coast Town/Meshes/Buildings/SM_church_italy.fbx,Shader Graphs/PhysicalMaterial3DsMax,,Referenced once in focused scenes,1,1,1,No direct merge; atlas/group only,No,Potentially,Low,Medium
SINGLE-28,Single-use material atlas candidate,Assets/Idyllic Italian Coast Town/Materials/M_skybox 1.mat,Skybox/Panoramic,3573Assets/Idyllic Italian Coast Town/Textures/M_skybox_cloudy.png,Referenced once in focused scenes,1,1,1,No direct merge; atlas/group only,No,Potentially,Low,Medium
SINGLE-29,Single-use material atlas candidate,Resources/unity_builtin_extra,Skybox/Procedural,,Referenced once in focused scenes,1,1,1,No direct merge; atlas/group only,No,Potentially,Low,Medium
SINGLE-30,Single-use material atlas candidate,Assets/StarterAssets/Environment/Art/Skybox/SkyboxLite.mat,Skybox/Procedural,,Referenced once in focused scenes,1,1,1,No direct merge; atlas/group only,No,Potentially,Low,Medium
SINGLE-31,Single-use material atlas candidate,Assets/My_Custom/zedah_prevalent_52_inch_luxury_fan.glb,UnityGLTF/PBRGraph,3570Assets/My_Custom/zedah_prevalent_52_inch_luxury_fan.glb,Referenced once in focused scenes,1,1,1,No direct merge; atlas/group only,No,Potentially,Low,Medium
SINGLE-32,Single-use material atlas candidate,Assets/BCaT_assets/SewingRoom/bed.glb,UnityGLTF/PBRGraph,3570Assets/BCaT_assets/SewingRoom/bed.glb|3581Assets/BCaT_assets/SewingRoom/bed.glb|3582Assets/BCaT_assets/SewingRoom/bed.glb|3583Assets/BCaT_assets/SewingRoom/bed.glb,Referenced once in focused scenes,1,1,1,No direct merge; atlas/group only,No,Potentially,Low,Medium
SINGLE-33,Single-use material atlas candidate,Assets/BCaT_assets/SewingRoom/bed.glb,UnityGLTF/PBRGraph,3570Assets/BCaT_assets/SewingRoom/bed.glb|3581Assets/BCaT_assets/SewingRoom/bed.glb|3582Assets/BCaT_assets/SewingRoom/bed.glb|3583Assets/BCaT_assets/SewingRoom/bed.glb,Referenced once in focused scenes,1,1,1,No direct merge; atlas/group only,No,Potentially,Low,Medium
SINGLE-34,Single-use material atlas candidate,Assets/BCaT_assets/SewingRoom/bed.glb,UnityGLTF/PBRGraph,3570Assets/BCaT_assets/SewingRoom/bed.glb|3581Assets/BCaT_assets/SewingRoom/bed.glb|3582Assets/BCaT_assets/SewingRoom/bed.glb|3583Assets/BCaT_assets/SewingRoom/bed.glb,Referenced once in focused scenes,1,1,1,No direct merge; atlas/group only,No,Potentially,Low,Medium
SINGLE-35,Single-use material atlas candidate,Assets/My_Custom/cake_display.glb,UnityGLTF/PBRGraph,,Referenced once in focused scenes,1,1,1,No direct merge; atlas/group only,No,Potentially,Low,Medium
SINGLE-36,Single-use material atlas candidate,Assets/BCaT_assets/Ri/glass_fish.glb,UnityGLTF/PBRGraph,3570Assets/BCaT_assets/Ri/glass_fish.glb,Referenced once in focused scenes,1,1,1,No direct merge; atlas/group only,No,Potentially,Low,Medium
SINGLE-37,Single-use material atlas candidate,Assets/My_Custom/dishwasher.glb,UnityGLTF/PBRGraph,3570Assets/BCAT_GLB_TextureRemediation/dishwasher/Texture_0 _00.png|3581Assets/BCAT_GLB_TextureRemediation/dishwasher/Texture_1 _01.png|3582Assets/My_Custom/dishwasher.glb,Referenced once in focused scenes,1,1,1,No direct merge; atlas/group only,No,Potentially,Low,Medium
SINGLE-38,Single-use material atlas candidate,Assets/My_Custom/modern_scandinavian_kitchen_island.glb,UnityGLTF/PBRGraph,3570Assets/My_Custom/modern_scandinavian_kitchen_island.glb|3591Assets/My_Custom/modern_scandinavian_kitchen_island.glb,Referenced once in focused scenes,1,1,1,No direct merge; atlas/group only,No,Potentially,Low,Medium
SINGLE-39,Single-use material atlas candidate,Assets/My_Custom/modern_scandinavian_kitchen_island.glb,UnityGLTF/PBRGraph,3570Assets/My_Custom/modern_scandinavian_kitchen_island.glb|3591Assets/My_Custom/modern_scandinavian_kitchen_island.glb,Referenced once in focused scenes,1,1,1,No direct merge; atlas/group only,No,Potentially,Low,Medium
SINGLE-40,Single-use material atlas candidate,Assets/My_Custom/modern_scandinavian_kitchen_island.glb,UnityGLTF/PBRGraph,3570Assets/My_Custom/modern_scandinavian_kitchen_island.glb|3591Assets/My_Custom/modern_scandinavian_kitchen_island.glb,Referenced once in focused scenes,1,1,1,No direct merge; atlas/group only,No,Potentially,Low,Medium
SINGLE-41,Single-use material atlas candidate,Assets/My_Custom/modern_scandinavian_kitchen_island.glb,UnityGLTF/PBRGraph,3570Assets/My_Custom/modern_scandinavian_kitchen_island.glb|3591Assets/My_Custom/modern_scandinavian_kitchen_island.glb,Referenced once in focused scenes,1,1,1,No direct merge; atlas/group only,No,Potentially,Low,Medium
SINGLE-42,Single-use material atlas candidate,Assets/My_Custom/modern_scandinavian_kitchen_island.glb,UnityGLTF/PBRGraph,3570Assets/My_Custom/modern_scandinavian_kitchen_island.glb|3591Assets/My_Custom/modern_scandinavian_kitchen_island.glb,Referenced once in focused scenes,1,1,1,No direct merge; atlas/group only,No,Potentially,Low,Medium
SINGLE-43,Single-use material atlas candidate,Assets/My_Custom/modern_scandinavian_kitchen_island.glb,UnityGLTF/PBRGraph,3570Assets/My_Custom/modern_scandinavian_kitchen_island.glb|3591Assets/My_Custom/modern_scandinavian_kitchen_island.glb,Referenced once in focused scenes,1,1,1,No direct merge; atlas/group only,No,Potentially,Low,Medium
SINGLE-44,Single-use material atlas candidate,Assets/My_Custom/modern_scandinavian_kitchen_island.glb,UnityGLTF/PBRGraph,3570Assets/My_Custom/modern_scandinavian_kitchen_island.glb|3591Assets/My_Custom/modern_scandinavian_kitchen_island.glb,Referenced once in focused scenes,1,1,1,No direct merge; atlas/group only,No,Potentially,Low,Medium
SINGLE-45,Single-use material atlas candidate,Assets/My_Custom/modern_scandinavian_kitchen_island.glb,UnityGLTF/PBRGraph,3570Assets/My_Custom/modern_scandinavian_kitchen_island.glb|3591Assets/My_Custom/modern_scandinavian_kitchen_island.glb,Referenced once in focused scenes,1,1,1,No direct merge; atlas/group only,No,Potentially,Low,Medium
SINGLE-46,Single-use material atlas candidate,Assets/My_Custom/modern_scandinavian_kitchen_island.glb,UnityGLTF/PBRGraph,3570Assets/My_Custom/modern_scandinavian_kitchen_island.glb|3591Assets/My_Custom/modern_scandinavian_kitchen_island.glb,Referenced once in focused scenes,1,1,1,No direct merge; atlas/group only,No,Potentially,Low,Medium
SINGLE-47,Single-use material atlas candidate,Assets/My_Custom/modern_scandinavian_kitchen_island.glb,UnityGLTF/PBRGraph,3570Assets/My_Custom/modern_scandinavian_kitchen_island.glb|3591Assets/My_Custom/modern_scandinavian_kitchen_island.glb,Referenced once in focused scenes,1,1,1,No direct merge; atlas/group only,No,Potentially,Low,Medium
SINGLE-48,Single-use material atlas candidate,Assets/My_Custom/modern_scandinavian_kitchen_island.glb,UnityGLTF/PBRGraph,3570Assets/My_Custom/modern_scandinavian_kitchen_island.glb|3591Assets/My_Custom/modern_scandinavian_kitchen_island.glb,Referenced once in focused scenes,1,1,1,No direct merge; atlas/group only,No,Potentially,Low,Medium
SINGLE-49,Single-use material atlas candidate,Assets/My_Custom/modern_scandinavian_kitchen_island.glb,UnityGLTF/PBRGraph,3570Assets/My_Custom/modern_scandinavian_kitchen_island.glb|3591Assets/My_Custom/modern_scandinavian_kitchen_island.glb,Referenced once in focused scenes,1,1,1,No direct merge; atlas/group only,No,Potentially,Low,Medium
SINGLE-50,Single-use material atlas candidate,Assets/My_Custom/modern_scandinavian_kitchen_island.glb,UnityGLTF/PBRGraph,3570Assets/My_Custom/modern_scandinavian_kitchen_island.glb|3591Assets/My_Custom/modern_scandinavian_kitchen_island.glb,Referenced once in focused scenes,1,1,1,No direct merge; atlas/group only,No,Potentially,Low,Medium
SINGLE-51,Single-use material atlas candidate,Assets/My_Custom/modern_scandinavian_kitchen_island.glb,UnityGLTF/PBRGraph,3570Assets/My_Custom/modern_scandinavian_kitchen_island.glb|3591Assets/My_Custom/modern_scandinavian_kitchen_island.glb,Referenced once in focused scenes,1,1,1,No direct merge; atlas/group only,No,Potentially,Low,Medium
SINGLE-52,Single-use material atlas candidate,Assets/My_Custom/modern_scandinavian_kitchen_island.glb,UnityGLTF/PBRGraph,3570Assets/My_Custom/modern_scandinavian_kitchen_island.glb|3591Assets/My_Custom/modern_scandinavian_kitchen_island.glb,Referenced once in focused scenes,1,1,1,No direct merge; atlas/group only,No,Potentially,Low,Medium
SINGLE-53,Single-use material atlas candidate,Assets/My_Custom/modern_scandinavian_kitchen_island.glb,UnityGLTF/PBRGraph,3570Assets/My_Custom/modern_scandinavian_kitchen_island.glb|3591Assets/My_Custom/modern_scandinavian_kitchen_island.glb,Referenced once in focused scenes,1,1,1,No direct merge; atlas/group only,No,Potentially,Low,Medium
SINGLE-54,Single-use material atlas candidate,Assets/My_Custom/modern_scandinavian_kitchen_island.glb,UnityGLTF/PBRGraph,3570Assets/My_Custom/modern_scandinavian_kitchen_island.glb|3591Assets/My_Custom/modern_scandinavian_kitchen_island.glb,Referenced once in focused scenes,1,1,1,No direct merge; atlas/group only,No,Potentially,Low,Medium
SINGLE-55,Single-use material atlas candidate,Assets/My_Custom/modern_scandinavian_kitchen_island.glb,UnityGLTF/PBRGraph,3570Assets/My_Custom/modern_scandinavian_kitchen_island.glb|3591Assets/My_Custom/modern_scandinavian_kitchen_island.glb,Referenced once in focused scenes,1,1,1,No direct merge; atlas/group only,No,Potentially,Low,Medium
SINGLE-56,Single-use material atlas candidate,Assets/My_Custom/modern_scandinavian_kitchen_island.glb,UnityGLTF/PBRGraph,3570Assets/My_Custom/modern_scandinavian_kitchen_island.glb|3591Assets/My_Custom/modern_scandinavian_kitchen_island.glb,Referenced once in focused scenes,1,1,1,No direct merge; atlas/group only,No,Potentially,Low,Medium
SINGLE-57,Single-use material atlas candidate,Assets/BCaT_assets/BTMMP_Workstation_Assembly/flowerbarrel_with_tulips.glb,UnityGLTF/PBRGraph,3570Assets/BCaT_assets/BTMMP_Workstation_Assembly/flowerbarrel_with_tulips.glb|3582Assets/BCaT_assets/BTMMP_Workstation_Assembly/flowerbarrel_with_tulips.glb,Referenced once in focused scenes,1,1,1,No direct merge; atlas/group only,No,Potentially,Low,Medium
SINGLE-58,Single-use material atlas candidate,Assets/BCaT_assets/BTMMP_Workstation_Assembly/flowerbarrel_with_tulips.glb,UnityGLTF/PBRGraph,3570Assets/BCaT_assets/BTMMP_Workstation_Assembly/flowerbarrel_with_tulips.glb|3582Assets/BCaT_assets/BTMMP_Workstation_Assembly/flowerbarrel_with_tulips.glb,Referenced once in focused scenes,1,1,1,No direct merge; atlas/group only,No,Potentially,Low,Medium
SINGLE-59,Single-use material atlas candidate,Assets/BCaT_assets/BTMMP_Workstation_Assembly/flowerbarrel_with_tulips.glb,UnityGLTF/PBRGraph,3570Assets/BCaT_assets/BTMMP_Workstation_Assembly/flowerbarrel_with_tulips.glb|3582Assets/BCaT_assets/BTMMP_Workstation_Assembly/flowerbarrel_with_tulips.glb,Referenced once in focused scenes,1,1,1,No direct merge; atlas/group only,No,Potentially,Low,Medium
SINGLE-60,Single-use material atlas candidate,Assets/BCaT_assets/BTMMP_Workstation_Assembly/flowerbarrel_with_tulips.glb,UnityGLTF/PBRGraph,3570Assets/BCaT_assets/BTMMP_Workstation_Assembly/flowerbarrel_with_tulips.glb|3582Assets/BCaT_assets/BTMMP_Workstation_Assembly/flowerbarrel_with_tulips.glb,Referenced once in focused scenes,1,1,1,No direct merge; atlas/group only,No,Potentially,Low,Medium
SINGLE-61,Single-use material atlas candidate,Assets/BCaT_assets/BTMMP_Workstation_Assembly/drone.glb,UnityGLTF/PBRGraph,3582Assets/BCaT_assets/BTMMP_Workstation_Assembly/drone.glb|3583Assets/BCAT_GLB_TextureRemediation/drone/Texture_3 _01.png,Referenced once in focused scenes,1,1,1,No direct merge; atlas/group only,No,Potentially,Low,Medium
SINGLE-62,Single-use material atlas candidate,Assets/BCaT_assets/BTMMP_Workstation_Assembly/drone.glb,UnityGLTF/PBRGraph,3582Assets/BCaT_assets/BTMMP_Workstation_Assembly/drone.glb|3583Assets/BCAT_GLB_TextureRemediation/drone/Texture_3 _01.png,Referenced once in focused scenes,1,1,1,No direct merge; atlas/group only,No,Potentially,Low,Medium
SINGLE-63,Single-use material atlas candidate,Assets/BCaT_assets/BTMMP_Workstation_Assembly/drone.glb,UnityGLTF/PBRGraph,3582Assets/BCaT_assets/BTMMP_Workstation_Assembly/drone.glb|3583Assets/BCAT_GLB_TextureRemediation/drone/Texture_3 _01.png,Referenced once in focused scenes,1,1,1,No direct merge; atlas/group only,No,Potentially,Low,Medium
SINGLE-64,Single-use material atlas candidate,Assets/BCaT_assets/BTMMP_Workstation_Assembly/drone.glb,UnityGLTF/PBRGraph,3582Assets/BCaT_assets/BTMMP_Workstation_Assembly/drone.glb|3583Assets/BCAT_GLB_TextureRemediation/drone/Texture_3 _01.png,Referenced once in focused scenes,1,1,1,No direct merge; atlas/group only,No,Potentially,Low,Medium
SINGLE-65,Single-use material atlas candidate,Assets/BCaT_assets/BTMMP_Workstation_Assembly/drone.glb,UnityGLTF/PBRGraph,3582Assets/BCaT_assets/BTMMP_Workstation_Assembly/drone.glb|3583Assets/BCAT_GLB_TextureRemediation/drone/Texture_3 _01.png,Referenced once in focused scenes,1,1,1,No direct merge; atlas/group only,No,Potentially,Low,Medium
SINGLE-66,Single-use material atlas candidate,Assets/BCaT_assets/BTMMP_Workstation_Assembly/drone.glb,UnityGLTF/PBRGraph,3582Assets/BCaT_assets/BTMMP_Workstation_Assembly/drone.glb|3583Assets/BCAT_GLB_TextureRemediation/drone/Texture_3 _01.png,Referenced once in focused scenes,1,1,1,No direct merge; atlas/group only,No,Potentially,Low,Medium
SINGLE-67,Single-use material atlas candidate,Assets/BCaT_assets/BTMMP_Workstation_Assembly/drone.glb,UnityGLTF/PBRGraph,3582Assets/BCaT_assets/BTMMP_Workstation_Assembly/drone.glb|3583Assets/BCAT_GLB_TextureRemediation/drone/Texture_3 _01.png,Referenced once in focused scenes,1,1,1,No direct merge; atlas/group only,No,Potentially,Low,Medium
SINGLE-68,Single-use material atlas candidate,Assets/BCaT_assets/BTMMP_Workstation_Assembly/drone.glb,UnityGLTF/PBRGraph,3582Assets/BCaT_assets/BTMMP_Workstation_Assembly/drone.glb|3583Assets/BCAT_GLB_TextureRemediation/drone/Texture_3 _01.png,Referenced once in focused scenes,1,1,1,No direct merge; atlas/group only,No,Potentially,Low,Medium
SINGLE-69,Single-use material atlas candidate,Assets/BCaT_assets/BTMMP_Workstation_Assembly/drone.glb,UnityGLTF/PBRGraph,3582Assets/BCaT_assets/BTMMP_Workstation_Assembly/drone.glb|3583Assets/BCAT_GLB_TextureRemediation/drone/Texture_3 _01.png,Referenced once in focused scenes,1,1,1,No direct merge; atlas/group only,No,Potentially,Low,Medium
SINGLE-70,Single-use material atlas candidate,Assets/BCaT_assets/BTMMP_Workstation_Assembly/drone.glb,UnityGLTF/PBRGraph,3582Assets/BCaT_assets/BTMMP_Workstation_Assembly/drone.glb|3583Assets/BCAT_GLB_TextureRemediation/drone/Texture_3 _01.png,Referenced once in focused scenes,1,1,1,No direct merge; atlas/group only,No,Potentially,Low,Medium
SINGLE-71,Single-use material atlas candidate,Assets/BCaT_assets/BTMMP_Workstation_Assembly/drone.glb,UnityGLTF/PBRGraph,3582Assets/BCaT_assets/BTMMP_Workstation_Assembly/drone.glb|3583Assets/BCAT_GLB_TextureRemediation/drone/Texture_3 _01.png,Referenced once in focused scenes,1,1,1,No direct merge; atlas/group only,No,Potentially,Low,Medium
SINGLE-72,Single-use material atlas candidate,Assets/BCaT_assets/BTMMP_Workstation_Assembly/drone.glb,UnityGLTF/PBRGraph,3582Assets/BCaT_assets/BTMMP_Workstation_Assembly/drone.glb|3583Assets/BCAT_GLB_TextureRemediation/drone/Texture_3 _01.png,Referenced once in focused scenes,1,1,1,No direct merge; atlas/group only,No,Potentially,Low,Medium
SINGLE-73,Single-use material atlas candidate,Assets/BCaT_assets/BTMMP_Workstation_Assembly/drone.glb,UnityGLTF/PBRGraph,3582Assets/BCaT_assets/BTMMP_Workstation_Assembly/drone.glb|3583Assets/BCAT_GLB_TextureRemediation/drone/Texture_3 _01.png,Referenced once in focused scenes,1,1,1,No direct merge; atlas/group only,No,Potentially,Low,Medium
SINGLE-74,Single-use material atlas candidate,Assets/BCaT_assets/BTMMP_Workstation_Assembly/drone.glb,UnityGLTF/PBRGraph,3582Assets/BCaT_assets/BTMMP_Workstation_Assembly/drone.glb|3583Assets/BCAT_GLB_TextureRemediation/drone/Texture_3 _01.png,Referenced once in focused scenes,1,1,1,No direct merge; atlas/group only,No,Potentially,Low,Medium
SINGLE-75,Single-use material atlas candidate,Assets/BCaT_assets/BTMMP_Workstation_Assembly/drone.glb,UnityGLTF/PBRGraph,3582Assets/BCaT_assets/BTMMP_Workstation_Assembly/drone.glb|3583Assets/BCAT_GLB_TextureRemediation/drone/Texture_3 _01.png,Referenced once in focused scenes,1,1,1,No direct merge; atlas/group only,No,Potentially,Low,Medium
SINGLE-76,Single-use material atlas candidate,Assets/BCaT_assets/BTMMP_Workstation_Assembly/drone.glb,UnityGLTF/PBRGraph,3582Assets/BCaT_assets/BTMMP_Workstation_Assembly/drone.glb|3583Assets/BCAT_GLB_TextureRemediation/drone/Texture_3 _01.png,Referenced once in focused scenes,1,1,1,No direct merge; atlas/group only,No,Potentially,Low,Medium
SINGLE-77,Single-use material atlas candidate,Assets/BCaT_assets/BTMMP_Workstation_Assembly/drone.glb,UnityGLTF/PBRGraph,3582Assets/BCaT_assets/BTMMP_Workstation_Assembly/drone.glb|3583Assets/BCAT_GLB_TextureRemediation/drone/Texture_3 _01.png,Referenced once in focused scenes,1,1,1,No direct merge; atlas/group only,No,Potentially,Low,Medium
SINGLE-78,Single-use material atlas candidate,Assets/BCaT_assets/BTMMP_Workstation_Assembly/drone.glb,UnityGLTF/PBRGraph,3582Assets/BCaT_assets/BTMMP_Workstation_Assembly/drone.glb|3583Assets/BCAT_GLB_TextureRemediation/drone/Texture_3 _01.png,Referenced once in focused scenes,1,1,1,No direct merge; atlas/group only,No,Potentially,Low,Medium
SINGLE-79,Single-use material atlas candidate,Assets/BCaT_assets/BTMMP_Workstation_Assembly/drone.glb,UnityGLTF/PBRGraph,3582Assets/BCaT_assets/BTMMP_Workstation_Assembly/drone.glb|3583Assets/BCAT_GLB_TextureRemediation/drone/Texture_3 _01.png,Referenced once in focused scenes,1,1,1,No direct merge; atlas/group only,No,Potentially,Low,Medium
SINGLE-80,Single-use material atlas candidate,Assets/BCaT_assets/BTMMP_Workstation_Assembly/drone.glb,UnityGLTF/PBRGraph,3582Assets/BCaT_assets/BTMMP_Workstation_Assembly/drone.glb|3583Assets/BCAT_GLB_TextureRemediation/drone/Texture_3 _01.png,Referenced once in focused scenes,1,1,1,No direct merge; atlas/group only,No,Potentially,Low,Medium
SINGLE-81,Single-use material atlas candidate,Assets/BCaT_assets/BTMMP_Workstation_Assembly/drone.glb,UnityGLTF/PBRGraph,3582Assets/BCaT_assets/BTMMP_Workstation_Assembly/drone.glb|3583Assets/BCAT_GLB_TextureRemediation/drone/Texture_3 _01.png,Referenced once in focused scenes,1,1,1,No direct merge; atlas/group only,No,Potentially,Low,Medium
SINGLE-82,Single-use material atlas candidate,Assets/BCaT_assets/BTMMP_Workstation_Assembly/drone.glb,UnityGLTF/PBRGraph,3582Assets/BCaT_assets/BTMMP_Workstation_Assembly/drone.glb|3583Assets/BCAT_GLB_TextureRemediation/drone/Texture_3 _01.png,Referenced once in focused scenes,1,1,1,No direct merge; atlas/group only,No,Potentially,Low,Medium
SINGLE-83,Single-use material atlas candidate,Assets/BCaT_assets/BTMMP_Workstation_Assembly/drone.glb,UnityGLTF/PBRGraph,3582Assets/BCaT_assets/BTMMP_Workstation_Assembly/drone.glb|3583Assets/BCAT_GLB_TextureRemediation/drone/Texture_3 _01.png,Referenced once in focused scenes,1,1,1,No direct merge; atlas/group only,No,Potentially,Low,Medium
SINGLE-84,Single-use material atlas candidate,Assets/BCaT_assets/BTMMP_Workstation_Assembly/drone.glb,UnityGLTF/PBRGraph,3582Assets/BCaT_assets/BTMMP_Workstation_Assembly/drone.glb|3583Assets/BCAT_GLB_TextureRemediation/drone/Texture_3 _01.png,Referenced once in focused scenes,1,1,1,No direct merge; atlas/group only,No,Potentially,Low,Medium
SINGLE-85,Single-use material atlas candidate,Assets/BCaT_assets/BTMMP_Workstation_Assembly/drone.glb,UnityGLTF/PBRGraph,3582Assets/BCaT_assets/BTMMP_Workstation_Assembly/drone.glb|3583Assets/BCAT_GLB_TextureRemediation/drone/Texture_3 _01.png,Referenced once in focused scenes,1,1,1,No direct merge; atlas/group only,No,Potentially,Low,Medium
SINGLE-86,Single-use material atlas candidate,Assets/BCaT_assets/BTMMP_Workstation_Assembly/drone.glb,UnityGLTF/PBRGraph,3582Assets/BCaT_assets/BTMMP_Workstation_Assembly/drone.glb|3583Assets/BCAT_GLB_TextureRemediation/drone/Texture_3 _01.png,Referenced once in focused scenes,1,1,1,No direct merge; atlas/group only,No,Potentially,Low,Medium
SINGLE-87,Single-use material atlas candidate,Assets/BCaT_assets/BTMMP_Workstation_Assembly/drone.glb,UnityGLTF/PBRGraph,3582Assets/BCaT_assets/BTMMP_Workstation_Assembly/drone.glb|3583Assets/BCAT_GLB_TextureRemediation/drone/Texture_3 _01.png,Referenced once in focused scenes,1,1,1,No direct merge; atlas/group only,No,Potentially,Low,Medium
SINGLE-88,Single-use material atlas candidate,Assets/BCaT_assets/BTMMP_Workstation_Assembly/drone.glb,UnityGLTF/PBRGraph,3582Assets/BCaT_assets/BTMMP_Workstation_Assembly/drone.glb|3583Assets/BCAT_GLB_TextureRemediation/drone/Texture_3 _01.png,Referenced once in focused scenes,1,1,1,No direct merge; atlas/group only,No,Potentially,Low,Medium
SINGLE-89,Single-use material atlas candidate,Assets/BCaT_assets/BTMMP_Workstation_Assembly/drone.glb,UnityGLTF/PBRGraph,3582Assets/BCaT_assets/BTMMP_Workstation_Assembly/drone.glb|3583Assets/BCAT_GLB_TextureRemediation/drone/Texture_3 _01.png,Referenced once in focused scenes,1,1,1,No direct merge; atlas/group only,No,Potentially,Low,Medium
SINGLE-90,Single-use material atlas candidate,Assets/BCaT_assets/BTMMP_Workstation_Assembly/drone.glb,UnityGLTF/PBRGraph,3582Assets/BCaT_assets/BTMMP_Workstation_Assembly/drone.glb|3583Assets/BCAT_GLB_TextureRemediation/drone/Texture_3 _01.png,Referenced once in focused scenes,1,1,1,No direct merge; atlas/group only,No,Potentially,Low,Medium
SINGLE-91,Single-use material atlas candidate,Assets/BCaT_assets/BTMMP_Workstation_Assembly/drone.glb,UnityGLTF/PBRGraph,3582Assets/BCaT_assets/BTMMP_Workstation_Assembly/drone.glb|3583Assets/BCAT_GLB_TextureRemediation/drone/Texture_3 _01.png,Referenced once in focused scenes,1,1,1,No direct merge; atlas/group only,No,Potentially,Low,Medium
SINGLE-92,Single-use material atlas candidate,Assets/BCaT_assets/BTMMP_Workstation_Assembly/drone.glb,UnityGLTF/PBRGraph,3582Assets/BCaT_assets/BTMMP_Workstation_Assembly/drone.glb|3583Assets/BCAT_GLB_TextureRemediation/drone/Texture_3 _01.png,Referenced once in focused scenes,1,1,1,No direct merge; atlas/group only,No,Potentially,Low,Medium
SINGLE-93,Single-use material atlas candidate,Assets/BCaT_assets/BTMMP_Workstation_Assembly/drone.glb,UnityGLTF/PBRGraph,3582Assets/BCaT_assets/BTMMP_Workstation_Assembly/drone.glb|3583Assets/BCAT_GLB_TextureRemediation/drone/Texture_3 _01.png,Referenced once in focused scenes,1,1,1,No direct merge; atlas/group only,No,Potentially,Low,Medium
SINGLE-94,Single-use material atlas candidate,Assets/BCaT_assets/BTMMP_Workstation_Assembly/drone.glb,UnityGLTF/PBRGraph,3582Assets/BCaT_assets/BTMMP_Workstation_Assembly/drone.glb|3583Assets/BCAT_GLB_TextureRemediation/drone/Texture_3 _01.png,Referenced once in focused scenes,1,1,1,No direct merge; atlas/group only,No,Potentially,Low,Medium
SINGLE-95,Single-use material atlas candidate,Assets/BCaT_assets/BTMMP_Workstation_Assembly/drone.glb,UnityGLTF/PBRGraph,3582Assets/BCaT_assets/BTMMP_Workstation_Assembly/drone.glb|3583Assets/BCAT_GLB_TextureRemediation/drone/Texture_3 _01.png,Referenced once in focused scenes,1,1,1,No direct merge; atlas/group only,No,Potentially,Low,Medium
SINGLE-96,Single-use material atlas candidate,Assets/BCaT_assets/BTMMP_Workstation_Assembly/drone.glb,UnityGLTF/PBRGraph,3582Assets/BCaT_assets/BTMMP_Workstation_Assembly/drone.glb|3583Assets/BCAT_GLB_TextureRemediation/drone/Texture_3 _01.png,Referenced once in focused scenes,1,1,1,No direct merge; atlas/group only,No,Potentially,Low,Medium
SINGLE-97,Single-use material atlas candidate,Assets/BCaT_assets/BTMMP_Workstation_Assembly/drone.glb,UnityGLTF/PBRGraph,3582Assets/BCaT_assets/BTMMP_Workstation_Assembly/drone.glb|3583Assets/BCAT_GLB_TextureRemediation/drone/Texture_3 _01.png,Referenced once in focused scenes,1,1,1,No direct merge; atlas/group only,No,Potentially,Low,Medium
SINGLE-98,Single-use material atlas candidate,Assets/BCaT_assets/BTMMP_Workstation_Assembly/drone.glb,UnityGLTF/PBRGraph,3582Assets/BCaT_assets/BTMMP_Workstation_Assembly/drone.glb|3583Assets/BCAT_GLB_TextureRemediation/drone/Texture_3 _01.png,Referenced once in focused scenes,1,1,1,No direct merge; atlas/group only,No,Potentially,Low,Medium
SINGLE-99,Single-use material atlas candidate,Assets/BCaT_assets/BTMMP_Workstation_Assembly/drone.glb,UnityGLTF/PBRGraph,3582Assets/BCaT_assets/BTMMP_Workstation_Assembly/drone.glb|3583Assets/BCAT_GLB_TextureRemediation/drone/Texture_3 _01.png,Referenced once in focused scenes,1,1,1,No direct merge; atlas/group only,No,Potentially,Low,Medium
SINGLE-100,Single-use material atlas candidate,Assets/BCaT_assets/BTMMP_Workstation_Assembly/drone.glb,UnityGLTF/PBRGraph,3582Assets/BCaT_assets/BTMMP_Workstation_Assembly/drone.glb|3583Assets/BCAT_GLB_TextureRemediation/drone/Texture_3 _01.png,Referenced once in focused scenes,1,1,1,No direct merge; atlas/group only,No,Potentially,Low,Medium
SINGLE-101,Single-use material atlas candidate,Assets/BCaT_assets/BTMMP_Workstation_Assembly/drone.glb,UnityGLTF/PBRGraph,3582Assets/BCaT_assets/BTMMP_Workstation_Assembly/drone.glb|3583Assets/BCAT_GLB_TextureRemediation/drone/Texture_3 _01.png,Referenced once in focused scenes,1,1,1,No direct merge; atlas/group only,No,Potentially,Low,Medium
SINGLE-102,Single-use material atlas candidate,Assets/BCaT_assets/BTMMP_Workstation_Assembly/drone.glb,UnityGLTF/PBRGraph,3582Assets/BCaT_assets/BTMMP_Workstation_Assembly/drone.glb|3583Assets/BCAT_GLB_TextureRemediation/drone/Texture_3 _01.png,Referenced once in focused scenes,1,1,1,No direct merge; atlas/group only,No,Potentially,Low,Medium
SINGLE-103,Single-use material atlas candidate,Assets/BCaT_assets/BTMMP_Workstation_Assembly/drone.glb,UnityGLTF/PBRGraph,3582Assets/BCaT_assets/BTMMP_Workstation_Assembly/drone.glb|3583Assets/BCAT_GLB_TextureRemediation/drone/Texture_3 _01.png,Referenced once in focused scenes,1,1,1,No direct merge; atlas/group only,No,Potentially,Low,Medium
SINGLE-104,Single-use material atlas candidate,Assets/BCaT_assets/BTMMP_Workstation_Assembly/drone.glb,UnityGLTF/PBRGraph,3582Assets/BCaT_assets/BTMMP_Workstation_Assembly/drone.glb|3583Assets/BCAT_GLB_TextureRemediation/drone/Texture_3 _01.png,Referenced once in focused scenes,1,1,1,No direct merge; atlas/group only,No,Potentially,Low,Medium
SINGLE-105,Single-use material atlas candidate,Assets/BCaT_assets/BTMMP_Workstation_Assembly/drone.glb,UnityGLTF/PBRGraph,3582Assets/BCaT_assets/BTMMP_Workstation_Assembly/drone.glb|3583Assets/BCAT_GLB_TextureRemediation/drone/Texture_3 _01.png,Referenced once in focused scenes,1,1,1,No direct merge; atlas/group only,No,Potentially,Low,Medium
SINGLE-106,Single-use material atlas candidate,Assets/BCaT_assets/BTMMP_Workstation_Assembly/drone.glb,UnityGLTF/PBRGraph,3582Assets/BCaT_assets/BTMMP_Workstation_Assembly/drone.glb|3583Assets/BCAT_GLB_TextureRemediation/drone/Texture_3 _01.png,Referenced once in focused scenes,1,1,1,No direct merge; atlas/group only,No,Potentially,Low,Medium
SINGLE-107,Single-use material atlas candidate,Assets/BCaT_assets/BTMMP_Workstation_Assembly/drone.glb,UnityGLTF/PBRGraph,3582Assets/BCaT_assets/BTMMP_Workstation_Assembly/drone.glb|3583Assets/BCAT_GLB_TextureRemediation/drone/Texture_3 _01.png,Referenced once in focused scenes,1,1,1,No direct merge; atlas/group only,No,Potentially,Low,Medium
SINGLE-108,Single-use material atlas candidate,Assets/BCaT_assets/BTMMP_Workstation_Assembly/drone.glb,UnityGLTF/PBRGraph,3582Assets/BCaT_assets/BTMMP_Workstation_Assembly/drone.glb|3583Assets/BCAT_GLB_TextureRemediation/drone/Texture_3 _01.png,Referenced once in focused scenes,1,1,1,No direct merge; atlas/group only,No,Potentially,Low,Medium
SINGLE-109,Single-use material atlas candidate,Assets/BCaT_assets/BTMMP_Workstation_Assembly/drone.glb,UnityGLTF/PBRGraph,3582Assets/BCaT_assets/BTMMP_Workstation_Assembly/drone.glb|3583Assets/BCAT_GLB_TextureRemediation/drone/Texture_3 _01.png,Referenced once in focused scenes,1,1,1,No direct merge; atlas/group only,No,Potentially,Low,Medium
SINGLE-110,Single-use material atlas candidate,Assets/BCaT_assets/BTMMP_Workstation_Assembly/drone.glb,UnityGLTF/PBRGraph,3582Assets/BCaT_assets/BTMMP_Workstation_Assembly/drone.glb|3583Assets/BCAT_GLB_TextureRemediation/drone/Texture_3 _01.png,Referenced once in focused scenes,1,1,1,No direct merge; atlas/group only,No,Potentially,Low,Medium
SINGLE-111,Single-use material atlas candidate,Assets/BCaT_assets/BTMMP_Workstation_Assembly/drone.glb,UnityGLTF/PBRGraph,3582Assets/BCaT_assets/BTMMP_Workstation_Assembly/drone.glb|3583Assets/BCAT_GLB_TextureRemediation/drone/Texture_3 _01.png,Referenced once in focused scenes,1,1,1,No direct merge; atlas/group only,No,Potentially,Low,Medium
SINGLE-112,Single-use material atlas candidate,Assets/BCaT_assets/BTMMP_Workstation_Assembly/drone.glb,UnityGLTF/PBRGraph,3582Assets/BCaT_assets/BTMMP_Workstation_Assembly/drone.glb|3583Assets/BCAT_GLB_TextureRemediation/drone/Texture_3 _01.png,Referenced once in focused scenes,1,1,1,No direct merge; atlas/group only,No,Potentially,Low,Medium
SINGLE-113,Single-use material atlas candidate,Assets/BCaT_assets/BTMMP_Workstation_Assembly/drone.glb,UnityGLTF/PBRGraph,3582Assets/BCaT_assets/BTMMP_Workstation_Assembly/drone.glb|3583Assets/BCAT_GLB_TextureRemediation/drone/Texture_3 _01.png,Referenced once in focused scenes,1,1,1,No direct merge; atlas/group only,No,Potentially,Low,Medium
SINGLE-114,Single-use material atlas candidate,Assets/BCaT_assets/BTMMP_Workstation_Assembly/drone.glb,UnityGLTF/PBRGraph,3582Assets/BCaT_assets/BTMMP_Workstation_Assembly/drone.glb|3583Assets/BCAT_GLB_TextureRemediation/drone/Texture_3 _01.png,Referenced once in focused scenes,1,1,1,No direct merge; atlas/group only,No,Potentially,Low,Medium
SINGLE-115,Single-use material atlas candidate,Assets/BCaT_assets/BTMMP_Workstation_Assembly/drone.glb,UnityGLTF/PBRGraph,3582Assets/BCaT_assets/BTMMP_Workstation_Assembly/drone.glb|3583Assets/BCAT_GLB_TextureRemediation/drone/Texture_3 _01.png,Referenced once in focused scenes,1,1,1,No direct merge; atlas/group only,No,Potentially,Low,Medium
SINGLE-116,Single-use material atlas candidate,Assets/BCaT_assets/BTMMP_Workstation_Assembly/drone.glb,UnityGLTF/PBRGraph,3582Assets/BCaT_assets/BTMMP_Workstation_Assembly/drone.glb|3583Assets/BCAT_GLB_TextureRemediation/drone/Texture_3 _01.png,Referenced once in focused scenes,1,1,1,No direct merge; atlas/group only,No,Potentially,Low,Medium
SINGLE-117,Single-use material atlas candidate,Assets/BCaT_assets/BTMMP_Workstation_Assembly/drone.glb,UnityGLTF/PBRGraph,3582Assets/BCaT_assets/BTMMP_Workstation_Assembly/drone.glb|3583Assets/BCAT_GLB_TextureRemediation/drone/Texture_3 _01.png,Referenced once in focused scenes,1,1,1,No direct merge; atlas/group only,No,Potentially,Low,Medium
SINGLE-118,Single-use material atlas candidate,Assets/BCaT_assets/BTMMP_Workstation_Assembly/drone.glb,UnityGLTF/PBRGraph,3582Assets/BCaT_assets/BTMMP_Workstation_Assembly/drone.glb|3583Assets/BCAT_GLB_TextureRemediation/drone/Texture_3 _01.png,Referenced once in focused scenes,1,1,1,No direct merge; atlas/group only,No,Potentially,Low,Medium
SINGLE-119,Single-use material atlas candidate,Assets/BCaT_assets/BTMMP_Workstation_Assembly/drone.glb,UnityGLTF/PBRGraph,3582Assets/BCaT_assets/BTMMP_Workstation_Assembly/drone.glb|3583Assets/BCAT_GLB_TextureRemediation/drone/Texture_3 _01.png,Referenced once in focused scenes,1,1,1,No direct merge; atlas/group only,No,Potentially,Low,Medium
SINGLE-120,Single-use material atlas candidate,Assets/BCaT_assets/BTMMP_Workstation_Assembly/drone.glb,UnityGLTF/PBRGraph,3582Assets/BCaT_assets/BTMMP_Workstation_Assembly/drone.glb|3583Assets/BCAT_GLB_TextureRemediation/drone/Texture_3 _01.png,Referenced once in focused scenes,1,1,1,No direct merge; atlas/group only,No,Potentially,Low,Medium
SINGLE-121,Single-use material atlas candidate,Assets/BCaT_assets/BTMMP_Workstation_Assembly/drone.glb,UnityGLTF/PBRGraph,3582Assets/BCaT_assets/BTMMP_Workstation_Assembly/drone.glb|3583Assets/BCAT_GLB_TextureRemediation/drone/Texture_3 _01.png,Referenced once in focused scenes,1,1,1,No direct merge; atlas/group only,No,Potentially,Low,Medium
SINGLE-122,Single-use material atlas candidate,Assets/BCaT_assets/BTMMP_Workstation_Assembly/drone.glb,UnityGLTF/PBRGraph,3582Assets/BCaT_assets/BTMMP_Workstation_Assembly/drone.glb|3583Assets/BCAT_GLB_TextureRemediation/drone/Texture_3 _01.png,Referenced once in focused scenes,1,1,1,No direct merge; atlas/group only,No,Potentially,Low,Medium
SINGLE-123,Single-use material atlas candidate,Assets/BCaT_assets/BTMMP_Workstation_Assembly/drone.glb,UnityGLTF/PBRGraph,3582Assets/BCaT_assets/BTMMP_Workstation_Assembly/drone.glb|3583Assets/BCAT_GLB_TextureRemediation/drone/Texture_3 _01.png,Referenced once in focused scenes,1,1,1,No direct merge; atlas/group only,No,Potentially,Low,Medium
SINGLE-124,Single-use material atlas candidate,Assets/BCaT_assets/BTMMP_Workstation_Assembly/drone.glb,UnityGLTF/PBRGraph,3582Assets/BCaT_assets/BTMMP_Workstation_Assembly/drone.glb|3583Assets/BCAT_GLB_TextureRemediation/drone/Texture_3 _01.png,Referenced once in focused scenes,1,1,1,No direct merge; atlas/group only,No,Potentially,Low,Medium
SINGLE-125,Single-use material atlas candidate,Assets/BCaT_assets/BTMMP_Workstation_Assembly/drone.glb,UnityGLTF/PBRGraph,3582Assets/BCaT_assets/BTMMP_Workstation_Assembly/drone.glb|3583Assets/BCAT_GLB_TextureRemediation/drone/Texture_3 _01.png,Referenced once in focused scenes,1,1,1,No direct merge; atlas/group only,No,Potentially,Low,Medium
SINGLE-126,Single-use material atlas candidate,Assets/BCaT_assets/BTMMP_Workstation_Assembly/drone.glb,UnityGLTF/PBRGraph,3582Assets/BCaT_assets/BTMMP_Workstation_Assembly/drone.glb|3583Assets/BCAT_GLB_TextureRemediation/drone/Texture_3 _01.png,Referenced once in focused scenes,1,1,1,No direct merge; atlas/group only,No,Potentially,Low,Medium
SINGLE-127,Single-use material atlas candidate,Assets/BCaT_assets/BTMMP_Workstation_Assembly/drone.glb,UnityGLTF/PBRGraph,3582Assets/BCaT_assets/BTMMP_Workstation_Assembly/drone.glb|3583Assets/BCAT_GLB_TextureRemediation/drone/Texture_3 _01.png,Referenced once in focused scenes,1,1,1,No direct merge; atlas/group only,No,Potentially,Low,Medium
SINGLE-128,Single-use material atlas candidate,Assets/BCaT_assets/BTMMP_Workstation_Assembly/drone.glb,UnityGLTF/PBRGraph,3582Assets/BCaT_assets/BTMMP_Workstation_Assembly/drone.glb|3583Assets/BCAT_GLB_TextureRemediation/drone/Texture_3 _01.png,Referenced once in focused scenes,1,1,1,No direct merge; atlas/group only,No,Potentially,Low,Medium
SINGLE-129,Single-use material atlas candidate,Assets/BCaT_assets/BTMMP_Workstation_Assembly/drone.glb,UnityGLTF/PBRGraph,3582Assets/BCaT_assets/BTMMP_Workstation_Assembly/drone.glb|3583Assets/BCAT_GLB_TextureRemediation/drone/Texture_3 _01.png,Referenced once in focused scenes,1,1,1,No direct merge; atlas/group only,No,Potentially,Low,Medium
SINGLE-130,Single-use material atlas candidate,Assets/BCaT_assets/BTMMP_Workstation_Assembly/drone.glb,UnityGLTF/PBRGraph,3582Assets/BCaT_assets/BTMMP_Workstation_Assembly/drone.glb|3583Assets/BCAT_GLB_TextureRemediation/drone/Texture_3 _01.png,Referenced once in focused scenes,1,1,1,No direct merge; atlas/group only,No,Potentially,Low,Medium
SINGLE-131,Single-use material atlas candidate,Assets/BCaT_assets/BTMMP_Workstation_Assembly/drone.glb,UnityGLTF/PBRGraph,3582Assets/BCaT_assets/BTMMP_Workstation_Assembly/drone.glb|3583Assets/BCAT_GLB_TextureRemediation/drone/Texture_3 _01.png,Referenced once in focused scenes,1,1,1,No direct merge; atlas/group only,No,Potentially,Low,Medium
SINGLE-132,Single-use material atlas candidate,Assets/BCaT_assets/BTMMP_Workstation_Assembly/drone.glb,UnityGLTF/PBRGraph,3582Assets/BCaT_assets/BTMMP_Workstation_Assembly/drone.glb|3583Assets/BCAT_GLB_TextureRemediation/drone/Texture_3 _01.png,Referenced once in focused scenes,1,1,1,No direct merge; atlas/group only,No,Potentially,Low,Medium
SINGLE-133,Single-use material atlas candidate,Assets/BCaT_assets/BTMMP_Workstation_Assembly/drone.glb,UnityGLTF/PBRGraph,3582Assets/BCaT_assets/BTMMP_Workstation_Assembly/drone.glb|3583Assets/BCAT_GLB_TextureRemediation/drone/Texture_3 _01.png,Referenced once in focused scenes,1,1,1,No direct merge; atlas/group only,No,Potentially,Low,Medium
SINGLE-134,Single-use material atlas candidate,Assets/BCaT_assets/BTMMP_Workstation_Assembly/drone.glb,UnityGLTF/PBRGraph,3582Assets/BCaT_assets/BTMMP_Workstation_Assembly/drone.glb|3583Assets/BCAT_GLB_TextureRemediation/drone/Texture_3 _01.png,Referenced once in focused scenes,1,1,1,No direct merge; atlas/group only,No,Potentially,Low,Medium
SINGLE-135,Single-use material atlas candidate,Assets/BCaT_assets/BTMMP_Workstation_Assembly/drone.glb,UnityGLTF/PBRGraph,3582Assets/BCaT_assets/BTMMP_Workstation_Assembly/drone.glb|3583Assets/BCAT_GLB_TextureRemediation/drone/Texture_3 _01.png,Referenced once in focused scenes,1,1,1,No direct merge; atlas/group only,No,Potentially,Low,Medium
SINGLE-136,Single-use material atlas candidate,Assets/BCaT_assets/BTMMP_Workstation_Assembly/drone.glb,UnityGLTF/PBRGraph,3582Assets/BCaT_assets/BTMMP_Workstation_Assembly/drone.glb|3583Assets/BCAT_GLB_TextureRemediation/drone/Texture_3 _01.png,Referenced once in focused scenes,1,1,1,No direct merge; atlas/group only,No,Potentially,Low,Medium
SINGLE-137,Single-use material atlas candidate,Assets/BCaT_assets/BTMMP_Workstation_Assembly/drone.glb,UnityGLTF/PBRGraph,3582Assets/BCaT_assets/BTMMP_Workstation_Assembly/drone.glb|3583Assets/BCAT_GLB_TextureRemediation/drone/Texture_3 _01.png,Referenced once in focused scenes,1,1,1,No direct merge; atlas/group only,No,Potentially,Low,Medium
SINGLE-138,Single-use material atlas candidate,Assets/BCaT_assets/LindaLeaks/Models/LL_AntiqueCamera.glb,UnityGLTF/PBRGraph,3570Assets/BCaT_assets/LindaLeaks/Models/LL_AntiqueCamera.glb|3581Assets/BCaT_assets/LindaLeaks/Models/LL_AntiqueCamera.glb|3582Assets/BCaT_assets/LindaLeaks/Models/LL_AntiqueCamera.glb|3591Assets/BCaT_assets/LindaLeaks/Models/LL_AntiqueCamera.glb,Referenced once in focused scenes,1,1,1,No direct merge; atlas/group only,No,Potentially,Low,Medium
SINGLE-139,Single-use material atlas candidate,Assets/BCaT_assets/HOMED/Models/Recipe-Box.glb,UnityGLTF/PBRGraph,3570Assets/BCaT_assets/HOMED/Models/Recipe-Box.glb,Referenced once in focused scenes,1,1,1,No direct merge; atlas/group only,No,Potentially,Low,Medium
SINGLE-140,Single-use material atlas candidate,Assets/BCaT_assets/HOMED/Models/Candle.glb,UnityGLTF/PBRGraph,3570Assets/BCaT_assets/HOMED/Models/Candle.glb,Referenced once in focused scenes,1,1,1,No direct merge; atlas/group only,No,Potentially,Low,Medium
SINGLE-141,Single-use material atlas candidate,Assets/BCaT_assets/BlackFamilyMuseumArchive/Models/chest_chair.glb,UnityGLTF/PBRGraph,3570Assets/BCaT_assets/BlackFamilyMuseumArchive/Models/chest_chair.glb,Referenced once in focused scenes,1,1,1,No direct merge; atlas/group only,No,Potentially,Low,Medium
SINGLE-142,Single-use material atlas candidate,Assets/BCaT_assets/BlackFamilyMuseumArchive/Models/chest.glb,UnityGLTF/PBRGraph,3570Assets/BCaT_assets/BlackFamilyMuseumArchive/Models/chest.glb,Referenced once in focused scenes,1,1,1,No direct merge; atlas/group only,No,Potentially,Low,Medium
SINGLE-143,Single-use material atlas candidate,Assets/BCaT_assets/SewingRoom/needle_and_thread.glb,UnityGLTF/PBRGraph,3570Assets/BCaT_assets/SewingRoom/needle_and_thread.glb,Referenced once in focused scenes,1,1,1,No direct merge; atlas/group only,No,Potentially,Low,Medium
SINGLE-144,Single-use material atlas candidate,Assets/BCaT_assets/BTMMP_Workstation_Assembly/notebook.glb,UnityGLTF/PBRGraph,,Referenced once in focused scenes,1,1,1,No direct merge; atlas/group only,No,Potentially,Low,Medium
SINGLE-145,Single-use material atlas candidate,Assets/My_Custom/morten-s.glb,UnityGLTF/PBRGraph,,Referenced once in focused scenes,1,1,1,No direct merge; atlas/group only,No,Potentially,Low,Medium
SINGLE-146,Single-use material atlas candidate,Assets/My_Custom/morten-s.glb,UnityGLTF/PBRGraph,,Referenced once in focused scenes,1,1,1,No direct merge; atlas/group only,No,Potentially,Low,Medium
SINGLE-147,Single-use material atlas candidate,Assets/My_Custom/morten-s.glb,UnityGLTF/PBRGraph,,Referenced once in focused scenes,1,1,1,No direct merge; atlas/group only,No,Potentially,Low,Medium
SINGLE-148,Single-use material atlas candidate,Assets/My_Custom/morten-s.glb,UnityGLTF/PBRGraph,,Referenced once in focused scenes,1,1,1,No direct merge; atlas/group only,No,Potentially,Low,Medium
SINGLE-149,Single-use material atlas candidate,Assets/My_Custom/morten-s.glb,UnityGLTF/PBRGraph,3570Assets/My_Custom/morten-s.glb,Referenced once in focused scenes,1,1,1,No direct merge; atlas/group only,No,Potentially,Low,Medium
SINGLE-150,Single-use material atlas candidate,Assets/My_Custom/morten-s.glb,UnityGLTF/PBRGraph,,Referenced once in focused scenes,1,1,1,No direct merge; atlas/group only,No,Potentially,Low,Medium
SINGLE-151,Single-use material atlas candidate,Assets/My_Custom/morten-s.glb,UnityGLTF/PBRGraph,3570Assets/My_Custom/morten-s.glb,Referenced once in focused scenes,1,1,1,No direct merge; atlas/group only,No,Potentially,Low,Medium
SINGLE-152,Single-use material atlas candidate,Assets/BCaT_assets/SewingRoom/old_sewing_box.glb,UnityGLTF/PBRGraph,3570Assets/BCaT_assets/SewingRoom/old_sewing_box.glb|3581Assets/BCaT_assets/SewingRoom/old_sewing_box.glb|3582Assets/BCaT_assets/SewingRoom/old_sewing_box.glb|3583Assets/BCaT_assets/SewingRoom/old_sewing_box.glb,Referenced once in focused scenes,1,1,1,No direct merge; atlas/group only,No,Potentially,Low,Medium
SINGLE-153,Single-use material atlas candidate,Assets/My_Custom/morten-s.glb,UnityGLTF/PBRGraph,,Referenced once in focused scenes,1,1,1,No direct merge; atlas/group only,No,Potentially,Low,Medium
SINGLE-154,Single-use material atlas candidate,Assets/My_Custom/morten-s.glb,UnityGLTF/PBRGraph,3570Assets/My_Custom/morten-s.glb,Referenced once in focused scenes,1,1,1,No direct merge; atlas/group only,No,Potentially,Low,Medium
SINGLE-155,Single-use material atlas candidate,Assets/BCaT/Exhibits/BlackKitchen/Models/BlackKitchen_ScannedEnvironment.glb,UnityGLTF/UnlitGraph,3570Assets/BCaT/Exhibits/BlackKitchen/Models/BlackKitchen_ScannedEnvironment.glb,Referenced once in focused scenes,1,1,1,No direct merge; atlas/group only,No,Potentially,Low,Medium
SINGLE-156,Single-use material atlas candidate,Assets/BCaT/Exhibits/BlackKitchen/Materials/BlackKitchen_DarkFloor.mat,Universal Render Pipeline/Lit,,Referenced once in focused scenes,1,1,1,No direct merge; atlas/group only,No,Potentially,Low,Medium
SINGLE-157,Single-use material atlas candidate,Assets/BCaT_assets/BTMMP_Workstation_Assembly/camera-canon-eos-400d/source/Cilindro low-bajo.fbx,Universal Render Pipeline/Lit,3573Assets/BCaT_assets/BTMMP_Workstation_Assembly/camera-canon-eos-400d/textures/Camara_Low_V2_lambert3_BaseColor.png|3574Assets/BCaT_assets/BTMMP_Workstation_Assembly/camera-canon-eos-400d/textures/Camara_Low_V2_lambert3_BaseColor.png|3576Assets/BCaT_assets/BTMMP_Workstation_Assembly/camera-canon-eos-400d/textures/Camara_Low_V2_lambert3_Normal.png,Referenced once in focused scenes,1,1,1,No direct merge; atlas/group only,No,Potentially,Low,Medium
SINGLE-158,Single-use material atlas candidate,Assets/BCaT_assets/BTMMP_Workstation_Assembly/camera-canon-eos-400d/source/Cilindro low-bajo.fbx,Universal Render Pipeline/Lit,,Referenced once in focused scenes,1,1,1,No direct merge; atlas/group only,No,Potentially,Low,Medium
SINGLE-159,Single-use material atlas candidate,Assets/BCaT_assets/BTMMP_Workstation_Assembly/camera-canon-eos-400d/source/Cilindro low-bajo.fbx,Universal Render Pipeline/Lit,,Referenced once in focused scenes,1,1,1,No direct merge; atlas/group only,No,Potentially,Low,Medium
SINGLE-160,Single-use material atlas candidate,Assets/BCaT_assets/BTMMP_Workstation_Assembly/camera-canon-eos-400d/source/Cilindro low-bajo.fbx,Universal Render Pipeline/Lit,,Referenced once in focused scenes,1,1,1,No direct merge; atlas/group only,No,Potentially,Low,Medium
SINGLE-161,Single-use material atlas candidate,Assets/BCaT_assets/BTMMP_Workstation_Assembly/camera-canon-eos-400d/source/Cilindro low-bajo.fbx,Universal Render Pipeline/Lit,,Referenced once in focused scenes,1,1,1,No direct merge; atlas/group only,No,Potentially,Low,Medium
SINGLE-162,Single-use material atlas candidate,Assets/DevDen Arch Viz Scotland/Materials/Living Room/TV.mat,Universal Render Pipeline/Lit,3571Assets/DevDen Arch Viz Scotland/Textures/Living Room/TV/TV_AO.png|3573Assets/DevDen Arch Viz Scotland/Textures/Living Room/TV/TV_AlbedoTransparency.png|3574Assets/DevDen Arch Viz Scotland/Textures/Living Room/TV/TV_AlbedoTransparency.png|3576Assets/DevDen Arch Viz Scotland/Textures/Living Room/TV/TV_Normal.png|3579Assets/DevDen Arch Viz Scotland/Textures/Living Room/TV/TV_AlbedoTransparency.png,Referenced once in focused scenes,1,1,1,No direct merge; atlas/group only,No,Potentially,Low,Medium
SINGLE-163,Single-use material atlas candidate,Assets/Furniture Mega Pack/FBX/Sofa/Sofa33.fbx,Universal Render Pipeline/Lit,,Referenced once in focused scenes,1,1,1,No direct merge; atlas/group only,No,Potentially,Low,Medium
SINGLE-164,Single-use material atlas candidate,Assets/DevDen Arch Viz Scotland/Materials/Study Room/PictureBorder01.mat,Universal Render Pipeline/Lit,,Referenced once in focused scenes,1,1,1,No direct merge; atlas/group only,No,Potentially,Low,Medium
SINGLE-165,Single-use material atlas candidate,Assets/DevDen Arch Viz Scotland/Materials/Study Room/PictureImage03.mat,Universal Render Pipeline/Lit,3573Assets/DevDen Arch Viz Scotland/Textures/Common/Interior_props/StudyRoom_BG1.png|3574Assets/DevDen Arch Viz Scotland/Textures/Common/Interior_props/StudyRoom_BG1.png,Referenced once in focused scenes,1,1,1,No direct merge; atlas/group only,No,Potentially,Low,Medium
SINGLE-166,Single-use material atlas candidate,Assets/Furniture Mega Pack/FBX/Table/Table04.fbx,Universal Render Pipeline/Lit,,Referenced once in focused scenes,1,1,1,No direct merge; atlas/group only,No,Potentially,Low,Medium
SINGLE-167,Single-use material atlas candidate,Assets/Furniture Mega Pack/Materials/Bed/mat_Mattress.mat,Universal Render Pipeline/Lit,3573Assets/Furniture Mega Pack/Textures/Bed/Mattress/AtlasTexture_Mattress_DefaultMaterial_AlbedoTransparency.png|3574Assets/Furniture Mega Pack/Textures/Bed/Mattress/AtlasTexture_Mattress_DefaultMaterial_AlbedoTransparency.png|3576Assets/Furniture Mega Pack/Textures/Bed/Mattress/AtlasTexture_Mattress_DefaultMaterial_Normal.png|3578Assets/Furniture Mega Pack/Textures/Bed/Mattress/AtlasTexture_Mattress_DefaultMaterial_MetallicSmoothness.png|3585Assets/Furniture Mega Pack/Textures/Bed/Mattress/Atl,Referenced once in focused scenes,1,1,1,No direct merge; atlas/group only,No,Potentially,Low,Medium
SINGLE-168,Single-use material atlas candidate,Assets/Furniture Mega Pack/Materials/Bed/mat_BedFrame.mat,Universal Render Pipeline/Lit,3573Assets/Furniture Mega Pack/Textures/Bed/BedFrame/AtlasTexture_BedFrame_AtlasTexture_BedFrame_AlbedoTransparency.png|3574Assets/Furniture Mega Pack/Textures/Bed/BedFrame/AtlasTexture_BedFrame_AtlasTexture_BedFrame_AlbedoTransparency.png|3576Assets/Furniture Mega Pack/Textures/Bed/BedFrame/AtlasTexture_BedFrame_AtlasTexture_BedFrame_Normal.png|3578Assets/Furniture Mega Pack/Textures/Bed/BedFrame/AtlasTexture_BedFrame_AtlasTexture_BedFrame_MetallicSmoothness.png|3585Assets/Furniture Mega Pack/T,Referenced once in focused scenes,1,1,1,No direct merge; atlas/group only,No,Potentially,Low,Medium
SINGLE-169,Single-use material atlas candidate,Assets/DevDen Arch Viz Scotland/Materials/Study Room/LightChrome01.mat,Universal Render Pipeline/Lit,,Referenced once in focused scenes,1,1,1,No direct merge; atlas/group only,No,Potentially,Low,Medium
SINGLE-170,Single-use material atlas candidate,Assets/DevDen Arch Viz Scotland/Materials/Study Room/LightPlastic02.mat,Universal Render Pipeline/Lit,3573Assets/DevDen Arch Viz Scotland/Textures/Common/Interior_props/LightPlastic02.png|3574Assets/DevDen Arch Viz Scotland/Textures/Common/Interior_props/LightPlastic02.png|3576Assets/DevDen Arch Viz Scotland/Textures/Common/Interior_props/CommonPlastic01_NM.png,Referenced once in focused scenes,1,1,1,No direct merge; atlas/group only,No,Potentially,Low,Medium
