category,mesh_asset,mesh_name,material,shader,instance_count,total_triangles_across_instances,static_batching_count,dynamic_count,material_instancing_enabled,object_class,estimated_draw_call_reduction,risk,sample_objects
Candidate requiring material cleanup,Assets/Emilulz_Assets/DEMOLowPolyFlowers/Assets/SM_Daisy_Single.fbx,Daisy_Single,Assets/Emilulz_Assets/DEMOLowPolyFlowers/Prefabs/M_DEMOAtlas_LowPolyFlowers.mat,Universal Render Pipeline/Lit,741,168948,0,741,False,Vegetation,740,Low,_SceneContent/Environment/vegetation/FrontHomeFlowers/Right/SM_Daisy_Single (235);_SceneContent/Environment/vegetation/FrontHomeFlowers/Left/SM_Daisy_Single (150);_SceneContent/Environment/vegetation/FrontHomeFlowers/Right/SM_Daisy_Single (304);_SceneContent/Environment/vegetation/FrontHomeFlowers/Right/SM_Daisy_Single (052);_SceneContent/Environment/vegetation/FrontHomeFlowers/Left/SM_Daisy_Single (284);_SceneContent/Environment/vegetation/FrontHomeFlowers/Right/SM_Daisy_Single (055);_SceneContent/Environment/vegetation/FrontHomeFlowers/Right/SM_Daisy_Single (372);_SceneContent/Environment/vegetation/FrontHomeFlowers/Left/SM_Daisy_Single (195);_SceneContent/Environment/vegetation/FrontHomeFlowers/Right/SM_Daisy_Single (189);_SceneContent/Environment/vegetation/FrontHomeFlowers/Left/SM_Daisy_Single (296);_SceneContent/Environment/vegetation/FrontHomeFlowers/Right/SM_Daisy_Single (167);_SceneContent/Environment/vegetation/FrontHomeFlowers/Right/SM_Daisy_Single (258)
Candidate requiring material cleanup,Assets/Emilulz_Assets/DEMOLowPolyFlowers/Assets/SM_Rose_Red_Open.fbx,Rose_Red_Open,Assets/Emilulz_Assets/DEMOLowPolyFlowers/Prefabs/M_DEMOAtlas_LowPolyFlowers.mat,Universal Render Pipeline/Lit,126,42588,0,126,False,Vegetation,125,Low,_SceneContent/Environment/vegetation/FrontHomeFlowers/Right/SM_Rose_Red_Open (26);_SceneContent/Environment/vegetation/FrontHomeFlowers/Left/SM_Rose_Red_Open (77);_SceneContent/Environment/vegetation/FrontHomeFlowers/Right/SM_Rose_Red_Open (23);_SceneContent/Environment/vegetation/FrontHomeFlowers/Right/SM_Rose_Red_Open (74);_SceneContent/Environment/vegetation/FrontHomeFlowers/Right/SM_Rose_Red_Open (36);_SceneContent/Environment/vegetation/FrontHomeFlowers/Left/SM_Rose_Red_Open (4);_SceneContent/Environment/vegetation/FrontHomeFlowers/Right/SM_Rose_Red_Open (2);_SceneContent/Environment/vegetation/FrontHomeFlowers/Right/SM_Rose_Red_Open (11);_SceneContent/Environment/vegetation/FrontHomeFlowers/Left/SM_Rose_Red_Open (8);_SceneContent/Environment/vegetation/FrontHomeFlowers/Left/SM_Rose_Red_Open (45);_SceneContent/Environment/vegetation/FrontHomeFlowers/Left/SM_Rose_Red_Open (39);_SceneContent/Environment/vegetation/FrontHomeFlowers/Right/SM_Rose_Red_Open (73)
Immediate safe instancing candidate,Assets/Animated Tropical Vegetation/Models/Jungle Bushes/jungle_bush_1.fbx,jungle_bush_1_LOD0,Assets/Animated Tropical Vegetation/Materials/jungle_bush_leaves.mat,Universal Render Pipeline/Lit,43,31691,0,43,True,Vegetation,42,Low,_SceneContent/Environment/vegetation/FrontHomeFlowers/Right/Jungle Bush 1 (11)/jungle_bush_1_LOD0;_SceneContent/Environment/vegetation/FrontHomeFlowers/Right/Jungle Bush 1 (19)/jungle_bush_1_LOD0;_SceneContent/Environment/vegetation/FrontHomeFlowers/Left/Jungle Bush 1 (16)/jungle_bush_1_LOD0;_SceneContent/Environment/vegetation/FrontHomeFlowers/Left/Jungle Bush 1 (11)/jungle_bush_1_LOD0;_SceneContent/Environment/vegetation/FrontHomeFlowers/Left/Jungle Bush 1 (8)/jungle_bush_1_LOD0;_SceneContent/Environment/vegetation/FrontHomeFlowers/Left/Jungle Bush 1 (17)/jungle_bush_1_LOD0;_SceneContent/Environment/vegetation/FrontHomeFlowers/Right/Jungle Bush 1 (2)/jungle_bush_1_LOD0;_SceneContent/Environment/vegetation/FrontHomeFlowers/Left/Jungle Bush 1 (1)/jungle_bush_1_LOD0;_SceneContent/Environment/vegetation/FrontHomeFlowers/Left/Jungle Bush 1 (2)/jungle_bush_1_LOD0;_SceneContent/Environment/vegetation/FrontHomeFlowers/Left/Jungle Bush 1 (10)/jungle_bush_1_LOD0;_SceneContent/Environment/vegetation/FrontHomeFlowers/Right/Jungle Bush 1 (3)/jungle_bush_1_LOD0;_SceneContent/Environment/vegetation/FrontHomeFlowers/Left/Jungle Bush 1 (5)/jungle_bush_1_LOD0
Immediate safe instancing candidate,Assets/Animated Tropical Vegetation/Models/Jungle Bushes/jungle_bush_1.fbx,jungle_bush_1_LOD1,Assets/Animated Tropical Vegetation/Materials/jungle_bush_leaves.mat,Universal Render Pipeline/Lit,43,8170,0,43,True,Vegetation,42,Low,_SceneContent/Environment/vegetation/FrontHomeFlowers/Right/Jungle Bush 1 (11)/jungle_bush_1_LOD1;_SceneContent/Environment/vegetation/FrontHomeFlowers/Right/Jungle Bush 1 (19)/jungle_bush_1_LOD1;_SceneContent/Environment/vegetation/FrontHomeFlowers/Left/Jungle Bush 1 (16)/jungle_bush_1_LOD1;_SceneContent/Environment/vegetation/FrontHomeFlowers/Left/Jungle Bush 1 (11)/jungle_bush_1_LOD1;_SceneContent/Environment/vegetation/FrontHomeFlowers/Left/Jungle Bush 1 (8)/jungle_bush_1_LOD1;_SceneContent/Environment/vegetation/FrontHomeFlowers/Left/Jungle Bush 1 (17)/jungle_bush_1_LOD1;_SceneContent/Environment/vegetation/FrontHomeFlowers/Right/Jungle Bush 1 (2)/jungle_bush_1_LOD1;_SceneContent/Environment/vegetation/FrontHomeFlowers/Left/Jungle Bush 1 (1)/jungle_bush_1_LOD1;_SceneContent/Environment/vegetation/FrontHomeFlowers/Left/Jungle Bush 1 (2)/jungle_bush_1_LOD1;_SceneContent/Environment/vegetation/FrontHomeFlowers/Left/Jungle Bush 1 (10)/jungle_bush_1_LOD1;_SceneContent/Environment/vegetation/FrontHomeFlowers/Right/Jungle Bush 1 (3)/jungle_bush_1_LOD1;_SceneContent/Environment/vegetation/FrontHomeFlowers/Left/Jungle Bush 1 (5)/jungle_bush_1_LOD1
Immediate safe instancing candidate,Assets/Animated Tropical Vegetation/Models/Jungle Bushes/jungle_bush_1.fbx,jungle_bush_1_LOD2,Assets/Animated Tropical Vegetation/Materials/Billboards/jungle_bush_1_billboard.mat,Universal Render Pipeline/Lit,43,258,0,43,True,Vegetation,42,Low,_SceneContent/Environment/vegetation/FrontHomeFlowers/Right/Jungle Bush 1 (11)/jungle_bush_1_LOD2;_SceneContent/Environment/vegetation/FrontHomeFlowers/Right/Jungle Bush 1 (19)/jungle_bush_1_LOD2;_SceneContent/Environment/vegetation/FrontHomeFlowers/Left/Jungle Bush 1 (16)/jungle_bush_1_LOD2;_SceneContent/Environment/vegetation/FrontHomeFlowers/Left/Jungle Bush 1 (11)/jungle_bush_1_LOD2;_SceneContent/Environment/vegetation/FrontHomeFlowers/Left/Jungle Bush 1 (8)/jungle_bush_1_LOD2;_SceneContent/Environment/vegetation/FrontHomeFlowers/Left/Jungle Bush 1 (17)/jungle_bush_1_LOD2;_SceneContent/Environment/vegetation/FrontHomeFlowers/Right/Jungle Bush 1 (2)/jungle_bush_1_LOD2;_SceneContent/Environment/vegetation/FrontHomeFlowers/Left/Jungle Bush 1 (1)/jungle_bush_1_LOD2;_SceneContent/Environment/vegetation/FrontHomeFlowers/Left/Jungle Bush 1 (2)/jungle_bush_1_LOD2;_SceneContent/Environment/vegetation/FrontHomeFlowers/Left/Jungle Bush 1 (10)/jungle_bush_1_LOD2;_SceneContent/Environment/vegetation/FrontHomeFlowers/Right/Jungle Bush 1 (3)/jungle_bush_1_LOD2;_SceneContent/Environment/vegetation/FrontHomeFlowers/Left/Jungle Bush 1 (5)/jungle_bush_1_LOD2
Immediate safe instancing candidate,Assets/Animated Tropical Vegetation/Models/Jungle Bushes/jungle_bush_3.fbx,jungle_bush_3_LOD1,Assets/Animated Tropical Vegetation/Materials/jungle_bush_leaves.mat,Universal Render Pipeline/Lit,39,3744,0,39,True,Vegetation,38,Low,_SceneContent/Environment/vegetation/FrontHomeFlowers/Left/Jungle Bush 3 (17)/jungle_bush_3_LOD1;_SceneContent/Environment/vegetation/FrontHomeFlowers/Left/Jungle Bush 3 (15)/jungle_bush_3_LOD1;_SceneContent/Environment/vegetation/FrontHomeFlowers/Right/Jungle Bush 3 (21)/jungle_bush_3_LOD1;_SceneContent/Environment/vegetation/FrontHomeFlowers/Right/Jungle Bush 3 (25)/jungle_bush_3_LOD1;_SceneContent/Environment/vegetation/FrontHomeFlowers/Left/Jungle Bush 3 (2)/jungle_bush_3_LOD1;_SceneContent/Environment/vegetation/FrontHomeFlowers/Right/Jungle Bush 3 (35)/jungle_bush_3_LOD1;_SceneContent/Environment/vegetation/FrontHomeFlowers/Right/Jungle Bush 3 (32)/jungle_bush_3_LOD1;_SceneContent/Environment/vegetation/FrontHomeFlowers/Right/Jungle Bush 3 (29)/jungle_bush_3_LOD1;_SceneContent/Environment/vegetation/FrontHomeFlowers/Left/Jungle Bush 3 (7)/jungle_bush_3_LOD1;_SceneContent/Environment/vegetation/FrontHomeFlowers/Right/Jungle Bush 3 (19)/jungle_bush_3_LOD1;_SceneContent/Environment/vegetation/FrontHomeFlowers/Left/Jungle Bush 3 (12)/jungle_bush_3_LOD1;_SceneContent/Environment/vegetation/FrontHomeFlowers/Right/Jungle Bush 3 (31)/jungle_bush_3_LOD1
Immediate safe instancing candidate,Assets/Animated Tropical Vegetation/Models/Jungle Bushes/jungle_bush_3.fbx,jungle_bush_3_LOD2,Assets/Animated Tropical Vegetation/Materials/Billboards/jungle_bush_3_billboard.mat,Universal Render Pipeline/Lit,39,234,0,39,True,Vegetation,38,Low,_SceneContent/Environment/vegetation/FrontHomeFlowers/Left/Jungle Bush 3 (17)/jungle_bush_3_LOD2;_SceneContent/Environment/vegetation/FrontHomeFlowers/Left/Jungle Bush 3 (15)/jungle_bush_3_LOD2;_SceneContent/Environment/vegetation/FrontHomeFlowers/Right/Jungle Bush 3 (21)/jungle_bush_3_LOD2;_SceneContent/Environment/vegetation/FrontHomeFlowers/Right/Jungle Bush 3 (25)/jungle_bush_3_LOD2;_SceneContent/Environment/vegetation/FrontHomeFlowers/Left/Jungle Bush 3 (2)/jungle_bush_3_LOD2;_SceneContent/Environment/vegetation/FrontHomeFlowers/Right/Jungle Bush 3 (35)/jungle_bush_3_LOD2;_SceneContent/Environment/vegetation/FrontHomeFlowers/Right/Jungle Bush 3 (32)/jungle_bush_3_LOD2;_SceneContent/Environment/vegetation/FrontHomeFlowers/Right/Jungle Bush 3 (29)/jungle_bush_3_LOD2;_SceneContent/Environment/vegetation/FrontHomeFlowers/Left/Jungle Bush 3 (7)/jungle_bush_3_LOD2;_SceneContent/Environment/vegetation/FrontHomeFlowers/Right/Jungle Bush 3 (19)/jungle_bush_3_LOD2;_SceneContent/Environment/vegetation/FrontHomeFlowers/Left/Jungle Bush 3 (12)/jungle_bush_3_LOD2;_SceneContent/Environment/vegetation/FrontHomeFlowers/Right/Jungle Bush 3 (31)/jungle_bush_3_LOD2
Immediate safe instancing candidate,Assets/Animated Tropical Vegetation/Models/Jungle Bushes/jungle_bush_3.fbx,jungle_bush_3_LOD0,Assets/Animated Tropical Vegetation/Materials/jungle_bush_leaves.mat,Universal Render Pipeline/Lit,37,6438,0,37,True,Vegetation,36,Low,_SceneContent/Environment/vegetation/FrontHomeFlowers/Left/Jungle Bush 3 (17)/jungle_bush_3_LOD0;_SceneContent/Environment/vegetation/FrontHomeFlowers/Left/Jungle Bush 3 (15)/jungle_bush_3_LOD0;_SceneContent/Environment/vegetation/FrontHomeFlowers/Right/Jungle Bush 3 (25)/jungle_bush_3_LOD0;_SceneContent/Environment/vegetation/FrontHomeFlowers/Left/Jungle Bush 3 (2)/jungle_bush_3_LOD0;_SceneContent/Environment/vegetation/FrontHomeFlowers/Right/Jungle Bush 3 (35)/jungle_bush_3_LOD0;_SceneContent/Environment/vegetation/FrontHomeFlowers/Right/Jungle Bush 3 (32)/jungle_bush_3_LOD0;_SceneContent/Environment/vegetation/FrontHomeFlowers/Right/Jungle Bush 3 (29)/jungle_bush_3_LOD0;_SceneContent/Environment/vegetation/FrontHomeFlowers/Left/Jungle Bush 3 (7)/jungle_bush_3_LOD0;_SceneContent/Environment/vegetation/FrontHomeFlowers/Right/Jungle Bush 3 (19)/jungle_bush_3_LOD0;_SceneContent/Environment/vegetation/FrontHomeFlowers/Left/Jungle Bush 3 (12)/jungle_bush_3_LOD0;_SceneContent/Environment/vegetation/FrontHomeFlowers/Right/Jungle Bush 3 (31)/jungle_bush_3_LOD0;_SceneContent/Environment/vegetation/FrontHomeFlowers/Left/Jungle Bush 3 (9)/jungle_bush_3_LOD0
Immediate safe instancing candidate,Assets/Idyllic Italian Coast Town/Meshes/Modular/SM_wall_base.fbx,Object32341,Assets/Samples/XR Interaction Toolkit/3.3.1/Starter Assets/DemoSceneAssets/Materials/Lit White.mat,Universal Render Pipeline/Simple Lit,36,10800,0,36,True,Architecture,35,Low,_SceneContent/Home/FirstFloor/FirstFloorWalls/SM_wall_base (43);_SceneContent/Home/FirstFloor/FirstFloorWalls/SM_wall_base (44);_SceneContent/Home/FirstFloor/FirstFloorWalls/SM_wall_base (102);_SceneContent/Home/FirstFloor/FirstFloorWalls/SM_wall_base (38);_SceneContent/Home/FirstFloor/FirstFloorWalls/SM_wall_base (99);_SceneContent/Home/HomeFrontStructure/SM_wall_base (16);_SceneContent/Home/FirstFloor/FirstFloorWalls/SM_wall_base (105);_SceneContent/Home/FirstFloor/FirstFloorWalls/SM_wall_base (100);_SceneContent/Home/FirstFloor/FirstFloorWalls/SM_wall_base (47);_SceneContent/Home/Exterior/Porch/DoorStructure/SM_wall_base (13);_SceneContent/Home/Exterior/Porch/DoorStructure/SM_wall_base (10);_SceneContent/Home/Exterior/Porch/DoorStructure/SM_wall_base (8)
Candidate requiring material cleanup,Assets/Emilulz_Assets/DEMOLowPolyFlowers/Assets/SM_Rose_Black_Open.fbx,Rose_Black_Open,Assets/Emilulz_Assets/DEMOLowPolyFlowers/Prefabs/M_DEMOAtlas_LowPolyFlowers.mat,Universal Render Pipeline/Lit,33,11154,0,33,False,Vegetation,32,Low,_SceneContent/Environment/vegetation/FrontHomeFlowers/Left/SM_Rose_Black_Open (8);_SceneContent/Environment/vegetation/FrontHomeFlowers/Left/SM_Rose_Black_Open (16);_SceneContent/Environment/vegetation/FrontHomeFlowers/Left/SM_Rose_Black_Open (21);_SceneContent/Environment/vegetation/FrontHomeFlowers/Left/SM_Rose_Black_Open (10);_SceneContent/Environment/vegetation/FrontHomeFlowers/Left/SM_Rose_Black_Open (18);_SceneContent/Environment/vegetation/FrontHomeFlowers/Left/SM_Rose_Black_Open (23);_SceneContent/Environment/vegetation/FrontHomeFlowers/Left/SM_Rose_Black_Open (19);_SceneContent/Environment/vegetation/FrontHomeFlowers/Right/SM_Rose_Black_Open (2);_SceneContent/Environment/vegetation/FrontHomeFlowers/Right/SM_Rose_Black_Open (4);_SceneContent/Environment/vegetation/FrontHomeFlowers/Right/SM_Rose_Black_Open (3);_SceneContent/Environment/vegetation/FrontHomeFlowers/Left/SM_Rose_Black_Open (4);_SceneContent/Environment/vegetation/FrontHomeFlowers/Right/SM_Rose_Black_Open (1)
Candidate requiring material cleanup,Assets/Idyllic Italian Coast Town/Meshes/Modular/SM_wall_pillar.fbx,Box083,Assets/Idyllic Italian Coast Town/Materials/M_wall_plaster.mat,Universal Render Pipeline/Lit,31,29326,0,31,False,Architecture,30,Low,_SceneContent/Home/FirstFloor/Pillars/Set (2)/SM_wall_pillar (1);_SceneContent/Home/FirstFloor/Pillars/Set (15)/SM_wall_pillar (1);_SceneContent/Home/FirstFloor/Pillars/Set (11)/SM_wall_pillar (1);_SceneContent/Home/FirstFloor/Pillars/Set (4)/SM_wall_pillar (1);_SceneContent/Home/FirstFloor/Pillars/Set (8)/SM_wall_pillar (1);_SceneContent/Home/FirstFloor/Pillars/Set (15)/SM_wall_pillar (2);_SceneContent/Home/FirstFloor/Pillars/Set (10)/SM_wall_pillar (2);_SceneContent/Home/FirstFloor/Pillars/Set (4)/SM_wall_pillar (2);_SceneContent/Home/FirstFloor/Pillars/Set (12)/SM_wall_pillar (1);_SceneContent/Home/FirstFloor/Pillars/Set (7)/SM_wall_pillar (2);_SceneContent/Home/FirstFloor/Pillars/Set (9)/SM_wall_pillar (1);_SceneContent/Home/FirstFloor/Pillars/Set (6)/SM_wall_pillar (2)
Candidate requiring material cleanup,Assets/Pandazole_Ultimate_Pack/Pandazole Farm Ranch Pack/Models/Env_GrassPlant_05.fbx,FRP_Env_GrassPlant_05,Assets/Pandazole_Ultimate_Pack/Pandazole Farm Ranch Pack/Materials/PandaMat.mat,Universal Render Pipeline/Lit,31,8184,0,31,False,Vegetation,30,Low,_SceneContent/Home/Exterior/Pond/planta/Env_GrassPlant_05 (27);_SceneContent/Home/Exterior/Pond/planta/Env_GrassPlant_05 (12);_SceneContent/Home/Exterior/Pond/planta/Env_GrassPlant_05 (25);_SceneContent/Home/Exterior/Pond/planta/Env_GrassPlant_05 (6);_SceneContent/Home/Exterior/Pond/planta/Env_GrassPlant_05 (9);_SceneContent/Home/Exterior/Pond/planta/Env_GrassPlant_05 (33);_SceneContent/Home/Exterior/Pond/planta/Env_GrassPlant_05 (15);_SceneContent/Home/Exterior/Pond/planta/Env_GrassPlant_05 (23);_SceneContent/Home/Exterior/Pond/planta/Env_GrassPlant_05 (19);_SceneContent/Home/Exterior/Pond/planta/Env_GrassPlant_05 (11);_SceneContent/Home/Exterior/Pond/planta/Env_GrassPlant_05;_SceneContent/Home/Exterior/Pond/planta/Env_GrassPlant_05 (22)
Immediate safe instancing candidate,Assets/Idyllic Italian Coast Town/Meshes/Modular/SM_wall_base.fbx,Object32341,Assets/My_Custom/mtrls/Blue_Wall.mat,Universal Render Pipeline/Lit,27,8100,0,27,True,Architecture,26,Low,_SceneContent/Home/FirstFloor/FirstFloorWalls/SM_wall_base (49);_SceneContent/Home/FirstFloor/FirstFloorWalls/SM_wall_base (73);_SceneContent/Home/FirstFloor/FirstFloorWalls/SM_wall_base (71);_SceneContent/Home/FirstFloor/FirstFloorWalls/SM_wall_base (58);_SceneContent/Home/FirstFloor/FirstFloorWalls/SM_wall_base (67);_SceneContent/Home/FirstFloor/FirstFloorWalls/SM_wall_base (69);_SceneContent/Home/FirstFloor/FirstFloorWalls/SM_wall_base (55);_SceneContent/Home/FirstFloor/FirstFloorWalls/SM_wall_base (66);_SceneContent/Home/FirstFloor/FirstFloorWalls/SM_wall_base (65);_SceneContent/Home/FirstFloor/FirstFloorWalls/SM_wall_base (52);_SceneContent/Home/FirstFloor/FirstFloorWalls/SM_wall_base (72);_SceneContent/Home/FirstFloor/FirstFloorWalls/SM_wall_base (54)
Candidate requiring material cleanup,Assets/Idyllic Italian Coast Town/Meshes/Modular/SM_wall_base.fbx,Object32341,Assets/Idyllic Italian Coast Town/Materials/M_wall_plaster 10.mat,Universal Render Pipeline/Lit,22,6600,0,22,False,Architecture,21,Low,_SceneContent/Home/SecondFloor/Temp_SecondFloor_Planning/walls/SM_wall_base (110);_SceneContent/Home/SecondFloor/Temp_SecondFloor_Planning/walls/SM_wall_base (109);_SceneContent/Home/FirstFloor/FirstFloorWalls/SM_wall_base (91);_SceneContent/Home/FirstFloor/FirstFloorWalls/SM_wall_base (94);_SceneContent/Home/FirstFloor/FirstFloorWalls/SM_wall_base (30);_SceneContent/Home/FirstFloor/FirstFloorWalls/SM_wall_base (29);_SceneContent/Home/FirstFloor/FirstFloorWalls/SM_wall_base (88);_SceneContent/Home/SecondFloor/Temp_SecondFloor_Planning/walls/SM_wall_base (107);_SceneContent/Home/FirstFloor/FirstFloorWalls/SM_wall_base (92);_SceneContent/Home/FirstFloor/FirstFloorWalls/SM_wall_base (31);_SceneContent/Home/FirstFloor/FirstFloorWalls/SM_wall_base (86);_SceneContent/Home/FirstFloor/FirstFloorWalls/SM_wall_base (93)
Immediate safe instancing candidate,Assets/BrokenVector/LowPolyFencePack/Models/Fence Type2 03.dae,Fence_Type2_03_mesh,Assets/Samples/XR Interaction Toolkit/3.3.1/Starter Assets/DemoSceneAssets/Materials/Lit White.mat,Universal Render Pipeline/Simple Lit,22,3520,0,22,True,Architecture,21,Low,_SceneContent/Home/Exterior/Porch/Fence/Fence Type2 03 (3);_SceneContent/Home/Exterior/Porch/Fence/Fence Type2 03 (17);_SceneContent/Home/Exterior/Porch/Fence/Fence Type2 03 (9);_SceneContent/Home/Exterior/Porch/Fence/Fence Type2 03 (21);_SceneContent/Home/Exterior/Porch/Fence/Fence Type2 03 (12);_SceneContent/Home/Exterior/Porch/Fence/Fence Type2 03 (11);_SceneContent/Home/Exterior/Porch/Fence/Fence Type2 03 (1);_SceneContent/Home/Exterior/Porch/Fence/Fence Type2 03 (13);_SceneContent/Home/Exterior/Porch/Fence/Fence Type2 03 (15);_SceneContent/Home/Exterior/Porch/Fence/Fence Type2 03 (4);_SceneContent/Home/Exterior/Porch/Fence/Fence Type2 03 (16);_SceneContent/Home/Exterior/Porch/Fence/Fence Type2 03 (14)
Candidate requiring material cleanup,Assets/SimpleNaturePack/Models/Flowers_01.fbx,Flowers_01_LOD0,Assets/SimpleNaturePack/Materials/SimpleNaturePack_Texture_01.mat,Universal Render Pipeline/Lit,21,9912,0,21,False,Vegetation,20,Low,_SceneContent/ImplementedContributorInstallations/Meshell_Sturgis/Garden/flowerbed/flowers/Flowers_01 (15)/Flowers_01_LOD0;_SceneContent/ImplementedContributorInstallations/Meshell_Sturgis/Garden/flowerbed/flowers/Flowers_01 (14)/Flowers_01_LOD0;_SceneContent/ImplementedContributorInstallations/Meshell_Sturgis/Garden/flowerbed/flowers/Flowers_01 (19)/Flowers_01_LOD0;_SceneContent/ImplementedContributorInstallations/Meshell_Sturgis/Garden/flowerbed/flowers/Flowers_01 (20)/Flowers_01_LOD0;_SceneContent/ImplementedContributorInstallations/Meshell_Sturgis/Garden/flowerbed/flowers/Flowers_01 (9)/Flowers_01_LOD0;_SceneContent/ImplementedContributorInstallations/Meshell_Sturgis/Garden/flowerbed/flowers/Flowers_01 (6)/Flowers_01_LOD0;_SceneContent/ImplementedContributorInstallations/Meshell_Sturgis/Garden/flowerbed/flowers/Flowers_01 (17)/Flowers_01_LOD0;_SceneContent/ImplementedContributorInstallations/Meshell_Sturgis/Garden/flowerbed/flowers/Flowers_01 (4)/Flowers_01_LOD0;_SceneContent/ImplementedContributorInstallations/Meshell_Sturgis/Garden/flowerbed/flowers/Flowers_01 (1)/Flowers_01_LOD0;_SceneContent/ImplementedContributorInstallations/Meshell_Sturgis/Garden/flowerbed/flowers/Flowers_01 (3)/Flowers_01_LOD0;_SceneContent/ImplementedContributorInstallations/Meshell_Sturgis/Garden/flowerbed/flowers/Flowers_01 (12)/Flowers_01_LOD0;_SceneContent/ImplementedContributorInstallations/Meshell_Sturgis/Garden/flowerbed/flowers/Flowers_01 (18)/Flowers_01_LOD0
Candidate requiring material cleanup,Assets/SimpleNaturePack/Models/Flowers_01.fbx,Flowers_01_LOD1,Assets/SimpleNaturePack/Materials/SimpleNaturePack_Texture_01.mat,Universal Render Pipeline/Lit,21,3192,0,21,False,Vegetation,20,Low,_SceneContent/ImplementedContributorInstallations/Meshell_Sturgis/Garden/flowerbed/flowers/Flowers_01 (15)/Flowers_01_LOD1;_SceneContent/ImplementedContributorInstallations/Meshell_Sturgis/Garden/flowerbed/flowers/Flowers_01 (14)/Flowers_01_LOD1;_SceneContent/ImplementedContributorInstallations/Meshell_Sturgis/Garden/flowerbed/flowers/Flowers_01 (19)/Flowers_01_LOD1;_SceneContent/ImplementedContributorInstallations/Meshell_Sturgis/Garden/flowerbed/flowers/Flowers_01 (20)/Flowers_01_LOD1;_SceneContent/ImplementedContributorInstallations/Meshell_Sturgis/Garden/flowerbed/flowers/Flowers_01 (9)/Flowers_01_LOD1;_SceneContent/ImplementedContributorInstallations/Meshell_Sturgis/Garden/flowerbed/flowers/Flowers_01 (6)/Flowers_01_LOD1;_SceneContent/ImplementedContributorInstallations/Meshell_Sturgis/Garden/flowerbed/flowers/Flowers_01 (17)/Flowers_01_LOD1;_SceneContent/ImplementedContributorInstallations/Meshell_Sturgis/Garden/flowerbed/flowers/Flowers_01 (4)/Flowers_01_LOD1;_SceneContent/ImplementedContributorInstallations/Meshell_Sturgis/Garden/flowerbed/flowers/Flowers_01 (1)/Flowers_01_LOD1;_SceneContent/ImplementedContributorInstallations/Meshell_Sturgis/Garden/flowerbed/flowers/Flowers_01 (3)/Flowers_01_LOD1;_SceneContent/ImplementedContributorInstallations/Meshell_Sturgis/Garden/flowerbed/flowers/Flowers_01 (12)/Flowers_01_LOD1;_SceneContent/ImplementedContributorInstallations/Meshell_Sturgis/Garden/flowerbed/flowers/Flowers_01 (18)/Flowers_01_LOD1
Candidate requiring material cleanup,Assets/Idyllic Italian Coast Town/Meshes/Modular/SM_wall_base.fbx,Object32341,Assets/Idyllic Italian Coast Town/Materials/M_wall_plaster.mat,Universal Render Pipeline/Lit,20,6000,0,20,False,Architecture,19,Low,_SceneContent/Home/FirstFloor/FirstFloorWalls/SM_wall_base (35);_SceneContent/Home/HomeFrontStructure/SM_wall_base (20);_SceneContent/Home/FirstFloor/FirstFloorWalls/SM_wall_base (36);_SceneContent/Home/FirstFloor/FirstFloorWalls/SM_wall_base (41);_SceneContent/Home/HomeFrontStructure/SM_wall_base (8);_SceneContent/Home/Exterior/Porch/DoorStructure/SM_wall_base (1);_SceneContent/Home/SecondFloor/Temp_SecondFloor_Planning/walls/SM_wall_base (14);_SceneContent/Home/HomeFrontStructure/SM_wall_base (7);_SceneContent/Home/FirstFloor/FirstFloorWalls/SM_wall_base (79);_SceneContent/Home/HomeFrontStructure/SM_wall_base (14);_SceneContent/Home/HomeFrontStructure/SM_wall_base (12);_SceneContent/Home/Exterior/Porch/DoorStructure/SM_wall_base (3)
Candidate requiring material cleanup,,,Assets/BCaT/Exhibits/PrivacyLawExhibit/Materials/PrivacyLaw_HologramLine.mat,Universal Render Pipeline/Unlit,17,0,0,17,False,UI,16,Low,_SceneContent/ImplementedContributorInstallations/PrivacyLaw/PrivacyLawExhibit_ROOT/IdleHologram/GroundProjection/GroundRing_02;_SceneContent/ImplementedContributorInstallations/PrivacyLaw/PrivacyLawExhibit_ROOT/IdleHologram/GroundProjection/GroundRing_01;_SceneContent/ImplementedContributorInstallations/PrivacyLaw/PrivacyLawExhibit_ROOT/IdleHologram/VerticalDataLines/DataLine_10;_SceneContent/ImplementedContributorInstallations/PrivacyLaw/PrivacyLawExhibit_ROOT/IdleHologram/VerticalDataLines/DataLine_09;_SceneContent/ImplementedContributorInstallations/PrivacyLaw/PrivacyLawExhibit_ROOT/IdleHologram/VerticalDataLines/DataLine_08;_SceneContent/ImplementedContributorInstallations/PrivacyLaw/PrivacyLawExhibit_ROOT/IdleHologram/VerticalDataLines/DataLine_07;_SceneContent/ImplementedContributorInstallations/PrivacyLaw/PrivacyLawExhibit_ROOT/IdleHologram/VerticalDataLines/DataLine_06;_SceneContent/ImplementedContributorInstallations/PrivacyLaw/PrivacyLawExhibit_ROOT/IdleHologram/VerticalDataLines/DataLine_05;_SceneContent/ImplementedContributorInstallations/PrivacyLaw/PrivacyLawExhibit_ROOT/IdleHologram/VerticalDataLines/DataLine_04;_SceneContent/ImplementedContributorInstallations/PrivacyLaw/PrivacyLawExhibit_ROOT/IdleHologram/VerticalDataLines/DataLine_03;_SceneContent/ImplementedContributorInstallations/PrivacyLaw/PrivacyLawExhibit_ROOT/IdleHologram/VerticalDataLines/DataLine_02;_SceneContent/ImplementedContributorInstallations/PrivacyLaw/PrivacyLawExhibit_ROOT/IdleHologram/VerticalDataLines/DataLine_01
Candidate requiring material cleanup,Assets/SimpleNaturePack/Models/Bush_03.fbx,Bush_03_LOD0,Assets/SimpleNaturePack/Materials/SimpleNaturePack_Texture_01.mat,Universal Render Pipeline/Lit,16,12448,0,16,False,Vegetation,15,Low,_SceneContent/Home/Exterior/Bushes/Bush_03 (12)/Bush_03_LOD0;_SceneContent/Home/Exterior/Bushes/Bush_03 (9)/Bush_03_LOD0;_SceneContent/Home/Exterior/Bushes/Bush_03 (1)/Bush_03_LOD0;_SceneContent/Home/Exterior/Bushes/Bush_03 (8)/Bush_03_LOD0;_SceneContent/Home/Exterior/Bushes/Bush_03 (15)/Bush_03_LOD0;_SceneContent/Home/Exterior/Bushes/Bush_03 (7)/Bush_03_LOD0;_SceneContent/Home/Exterior/Bushes/Bush_03 (5)/Bush_03_LOD0;_SceneContent/Home/Exterior/Bushes/Bush_03 (13)/Bush_03_LOD0;_SceneContent/Home/Exterior/Bushes/Bush_03 (6)/Bush_03_LOD0;_SceneContent/Home/Exterior/Bushes/Bush_03 (14)/Bush_03_LOD0;_SceneContent/Home/Exterior/Bushes/Bush_03 (4)/Bush_03_LOD0;_SceneContent/Home/Exterior/Bushes/Bush_03 (3)/Bush_03_LOD0
Candidate requiring material cleanup,Assets/SimpleNaturePack/Models/Bush_03.fbx,Bush_03_LOD1,Assets/SimpleNaturePack/Materials/SimpleNaturePack_Texture_01.mat,Universal Render Pipeline/Lit,16,3216,0,16,False,Vegetation,15,Low,_SceneContent/Home/Exterior/Bushes/Bush_03 (12)/Bush_03_LOD1;_SceneContent/Home/Exterior/Bushes/Bush_03 (9)/Bush_03_LOD1;_SceneContent/Home/Exterior/Bushes/Bush_03 (1)/Bush_03_LOD1;_SceneContent/Home/Exterior/Bushes/Bush_03 (8)/Bush_03_LOD1;_SceneContent/Home/Exterior/Bushes/Bush_03 (15)/Bush_03_LOD1;_SceneContent/Home/Exterior/Bushes/Bush_03 (7)/Bush_03_LOD1;_SceneContent/Home/Exterior/Bushes/Bush_03 (5)/Bush_03_LOD1;_SceneContent/Home/Exterior/Bushes/Bush_03 (13)/Bush_03_LOD1;_SceneContent/Home/Exterior/Bushes/Bush_03 (6)/Bush_03_LOD1;_SceneContent/Home/Exterior/Bushes/Bush_03 (14)/Bush_03_LOD1;_SceneContent/Home/Exterior/Bushes/Bush_03 (4)/Bush_03_LOD1;_SceneContent/Home/Exterior/Bushes/Bush_03 (3)/Bush_03_LOD1
Immediate safe instancing candidate,Assets/Idyllic Italian Coast Town/Meshes/Modular/SM_wall_base.fbx,Object32341,Assets/My_Custom/mtrls/HallWood 2.mat,Universal Render Pipeline/Lit,11,3300,0,11,True,Architecture,10,Low,_SceneContent/Home/FirstFloor/FirstFloorWalls/SM_wall_base (40);_SceneContent/Home/FirstFloor/FirstFloorWalls/SM_wall_base (37);_SceneContent/Home/FirstFloor/FirstFloorWalls/SM_wall_base (42);_SceneContent/Home/FirstFloor/FirstFloorWalls/SM_wall_base (106);_SceneContent/Home/FirstFloor/FirstFloorWalls/SM_wall_base (78);_SceneContent/Home/FirstFloor/FirstFloorWalls/SM_wall_base (18);_SceneContent/Home/FirstFloor/FirstFloorWalls/SM_wall_base (82);_SceneContent/Home/FirstFloor/FirstFloorWalls/SM_wall_base (85);_SceneContent/Home/FirstFloor/FirstFloorWalls/SM_wall_base (81);_SceneContent/Home/FirstFloor/FirstFloorWalls/SM_wall_base (84);_SceneContent/Home/FirstFloor/FirstFloorWalls/SM_wall_base (83)
Candidate requiring material cleanup,Assets/SimpleNaturePack/Models/Grass_01.fbx,Grass_01_LOD0,Assets/SimpleNaturePack/Materials/SimpleNaturePack_Texture_01.mat,Universal Render Pipeline/Lit,10,1840,0,10,False,Vegetation,9,Low,_SceneContent/Home/Exterior/Backyard/grass/Grass_01 (2)/Grass_01_LOD0;_SceneContent/Home/Exterior/Backyard/grass/Grass_01 (8)/Grass_01_LOD0;_SceneContent/Home/Exterior/Backyard/grass/Grass_01 (5)/Grass_01_LOD0;_SceneContent/Home/Exterior/Backyard/grass/Grass_01 (6)/Grass_01_LOD0;_SceneContent/Home/Exterior/Backyard/grass/Grass_01/Grass_01_LOD0;_SceneContent/Home/Exterior/Backyard/grass/Grass_01 (1)/Grass_01_LOD0;_SceneContent/Home/Exterior/Backyard/grass/Grass_01 (7)/Grass_01_LOD0;_SceneContent/Home/Exterior/Backyard/grass/Grass_01 (9)/Grass_01_LOD0;_SceneContent/Home/Exterior/Backyard/grass/Grass_01 (4)/Grass_01_LOD0;_SceneContent/Home/Exterior/Backyard/grass/Grass_01 (3)/Grass_01_LOD0
Candidate requiring material cleanup,Assets/SimpleNaturePack/Models/Grass_01.fbx,Grass_01_LOD1,Assets/SimpleNaturePack/Materials/SimpleNaturePack_Texture_01.mat,Universal Render Pipeline/Lit,10,760,0,10,False,Vegetation,9,Low,_SceneContent/Home/Exterior/Backyard/grass/Grass_01 (2)/Grass_01_LOD1;_SceneContent/Home/Exterior/Backyard/grass/Grass_01 (8)/Grass_01_LOD1;_SceneContent/Home/Exterior/Backyard/grass/Grass_01 (5)/Grass_01_LOD1;_SceneContent/Home/Exterior/Backyard/grass/Grass_01 (6)/Grass_01_LOD1;_SceneContent/Home/Exterior/Backyard/grass/Grass_01/Grass_01_LOD1;_SceneContent/Home/Exterior/Backyard/grass/Grass_01 (1)/Grass_01_LOD1;_SceneContent/Home/Exterior/Backyard/grass/Grass_01 (7)/Grass_01_LOD1;_SceneContent/Home/Exterior/Backyard/grass/Grass_01 (9)/Grass_01_LOD1;_SceneContent/Home/Exterior/Backyard/grass/Grass_01 (4)/Grass_01_LOD1;_SceneContent/Home/Exterior/Backyard/grass/Grass_01 (3)/Grass_01_LOD1
Candidate requiring material cleanup,Assets/BCaT_assets/BTMMP_Workstation_Assembly/spray_can.glb,Object_0,Assets/BCaT_assets/BTMMP_Workstation_Assembly/spray-paint-bottle-2/source/spray_paint_bottle_2.fbx,Universal Render Pipeline/Lit,9,67968,0,9,False,SmallProp,8,Low,_SceneContent/ImplementedContributorInstallations/BTMMP_Workstation_Assembly/static/spray_can (2);_SceneContent/ImplementedContributorInstallations/BTMMP_Workstation_Assembly/static/spray_can (3);_SceneContent/ImplementedContributorInstallations/BTMMP_Workstation_Assembly/static/spray_can (6);_SceneContent/ImplementedContributorInstallations/BTMMP_Workstation_Assembly/static/spray_can (5);_SceneContent/ImplementedContributorInstallations/BTMMP_Workstation_Assembly/static/spray_can (7);_SceneContent/ImplementedContributorInstallations/BTMMP_Workstation_Assembly/static/spray_can (1);_SceneContent/ImplementedContributorInstallations/BTMMP_Workstation_Assembly/static/spray_can (8);_SceneContent/ImplementedContributorInstallations/BTMMP_Workstation_Assembly/static/spray_can;_SceneContent/ImplementedContributorInstallations/BTMMP_Workstation_Assembly/static/spray_can (4)
Blocked by shader choice or needs shader review,Assets/Idyllic Italian Coast Town/Meshes/Buildings/SM_building_modular_floor_2x1_03.fbx,Object32372,Assets/Idyllic Italian Coast Town/Materials/M_skybox.mat,Skybox/Panoramic,9,7722,0,9,False,Architecture,8,Medium,_SceneContent/Home/FirstFloor/FirstFloorWalls/SM_building_modular_floor_2x1_03 (3);_SceneContent/Home/FirstFloor/FirstFloorWalls/SM_building_modular_floor_2x1_03 (7);_SceneContent/Home/SecondFloor/Temp_SecondFloor_Planning/walls/SM_building_modular_floor_2x1_03 (9);_SceneContent/Home/FirstFloor/FirstFloorWalls/SM_building_modular_floor_2x1_03 (1);_SceneContent/Home/FirstFloor/FirstFloorWalls/SM_building_modular_floor_2x1_03;_SceneContent/Home/FirstFloor/FirstFloorWalls/SM_building_modular_floor_2x1_03 (6);_SceneContent/Home/SecondFloor/Temp_SecondFloor_Planning/walls/SM_building_modular_floor_2x1_03 (10);_SceneContent/Home/FirstFloor/FirstFloorWalls/SM_building_modular_floor_2x1_03 (1);_SceneContent/Home/FirstFloor/FirstFloorWalls/SM_building_modular_floor_2x1_03 (4)
Immediate safe instancing candidate,Assets/UnityTechnologies/Basic Asset Pack Interior/Models/Walls/WallWindow2m.FBX,WindowFrame2m,Assets/UnityTechnologies/Basic Asset Pack Interior/Materials/WallGreen.mat,Universal Render Pipeline/Lit,9,396,0,9,True,FlatDecoration,8,Low,_SceneContent/Home/SecondFloor/Temp_SecondFloor_Planning/SecondFloorBase/WallWindow2m (12)/WindowFrame2m;_SceneContent/Home/HomeFrontStructure/WallWindow2m (2)/WindowFrame2m;_SceneContent/Home/SecondFloor/Temp_SecondFloor_Planning/SecondFloorBase/WallWindow2m (14)/WindowFrame2m;_SceneContent/Home/SecondFloor/Temp_SecondFloor_Planning/SecondFloorBase/WallWindow2m (15)/WindowFrame2m;_SceneContent/Home/SecondFloor/Temp_SecondFloor_Planning/SecondFloorBase/WallWindow2m (13)/WindowFrame2m;_SceneContent/Home/HomeFrontStructure/WallWindow2m/WindowFrame2m;_SceneContent/Home/HomeFrontStructure/WallWindow2m (1)/WindowFrame2m;_SceneContent/Home/FirstFloor/FirstFloorWalls/WallWindow2m (1)/WindowFrame2m;_SceneContent/Home/FirstFloor/FirstFloorWalls/WallWindow2m/WindowFrame2m
Candidate requiring material cleanup,Assets/UnityTechnologies/Basic Asset Pack Interior/Models/Walls/WallWindow2m.FBX,WindowGlass2m,Assets/UnityTechnologies/Basic Asset Pack Interior/Materials/Glass.mat,Universal Render Pipeline/Lit,9,108,0,9,False,Architecture,8,Low,_SceneContent/Home/FirstFloor/FirstFloorWalls/WallWindow2m/WindowGlass2m;_SceneContent/Home/HomeFrontStructure/WallWindow2m (1)/WindowGlass2m;_SceneContent/Home/FirstFloor/FirstFloorWalls/WallWindow2m (1)/WindowGlass2m;_SceneContent/Home/SecondFloor/Temp_SecondFloor_Planning/SecondFloorBase/WallWindow2m (13)/WindowGlass2m;_SceneContent/Home/HomeFrontStructure/WallWindow2m (2)/WindowGlass2m;_SceneContent/Home/SecondFloor/Temp_SecondFloor_Planning/SecondFloorBase/WallWindow2m (14)/WindowGlass2m;_SceneContent/Home/SecondFloor/Temp_SecondFloor_Planning/SecondFloorBase/WallWindow2m (15)/WindowGlass2m;_SceneContent/Home/HomeFrontStructure/WallWindow2m/WindowGlass2m;_SceneContent/Home/SecondFloor/Temp_SecondFloor_Planning/SecondFloorBase/WallWindow2m (12)/WindowGlass2m
Static batching likely better or already intended,Assets/DevDen Arch Viz Scotland/Models/Bathroom/bathroom_wall.fbx,pCube49,Assets/HyTeKGames/SRPMaterialConverter/ConvertedMaterials/bathroom_wall_mat_1.mat,Universal Render Pipeline/Lit,8,1008,8,0,False,Architecture,7,Low,_SceneContent/Home/SecondFloor/SecondRoom/shower/Bathroom_wall (3);_SceneContent/Home/SecondFloor/SecondRoom/shower/Bathroom_wall (6);_SceneContent/Home/SecondFloor/SecondRoom/shower/Bathroom_wall (1);_SceneContent/Home/SecondFloor/SecondRoom/shower/Bathroom_wall (4);_SceneContent/Home/SecondFloor/SecondRoom/shower/Bathroom_wall (5);_SceneContent/Home/SecondFloor/SecondRoom/shower/Bathroom_wall;_SceneContent/Home/SecondFloor/SecondRoom/shower/Bathroom_wall (7);_SceneContent/Home/SecondFloor/SecondRoom/shower/Bathroom_wall (2)
Immediate safe instancing candidate,Assets/Idyllic Italian Coast Town/Meshes/Modular/SM_wall_base.fbx,Object32341,Assets/My_Custom/mtrls/Mint_wall_plaster.mat,Universal Render Pipeline/Lit,7,2100,0,7,True,Architecture,6,Low,_SceneContent/Home/FirstFloor/FirstFloorWalls/SM_wall_base (25);_SceneContent/Home/FirstFloor/FirstFloorWalls/SM_wall_base (11);_SceneContent/Home/FirstFloor/FirstFloorWalls/SM_wall_base (33);_SceneContent/Home/FirstFloor/FirstFloorWalls/SM_wall_base (24);_SceneContent/Home/FirstFloor/FirstFloorWalls/SM_wall_base (23);_SceneContent/Home/FirstFloor/FirstFloorWalls/SM_wall_base (34);_SceneContent/Home/FirstFloor/FirstFloorWalls/SM_wall_base (26)
Immediate safe instancing candidate,Assets/UnityTechnologies/Basic Asset Pack Interior/Models/Floor/Floor4m.FBX,Floor4m,Assets/DevDen Arch Viz Scotland/Materials/Kitchen Room/marble.mat,Universal Render Pipeline/Lit,7,84,0,7,True,Architecture,6,Low,_SceneContent/Home/SecondFloor/SecondRoom/Floor4m (6);_SceneContent/Home/SecondFloor/SecondRoom/Floor4m (3);_SceneContent/Home/SecondFloor/SecondRoom/Floor4m (1);_SceneContent/Home/SecondFloor/SecondRoom/Floor4m (7);_SceneContent/Home/SecondFloor/SecondRoom/Floor4m (4);_SceneContent/Home/SecondFloor/SecondRoom/Floor4m (5);_SceneContent/Home/SecondFloor/SecondRoom/Floor4m (2)
Static batching likely better or already intended,Assets/Idyllic Italian Coast Town/Meshes/Props/SM_chair_02.fbx,Object007,Assets/Idyllic Italian Coast Town/Materials/M_chairs.mat,Universal Render Pipeline/Lit,6,6600,6,0,False,Architecture,5,Low,_SceneContent/Home/FirstFloor/DiningRoom/SM_chair_02;_SceneContent/Home/FirstFloor/DiningRoom/SM_chair_02 (4);_SceneContent/Home/FirstFloor/DiningRoom/SM_chair_02 (1);_SceneContent/Home/FirstFloor/DiningRoom/SM_chair_02 (2);_SceneContent/Home/FirstFloor/DiningRoom/SM_chair_02 (3);_SceneContent/Home/FirstFloor/DiningRoom/SM_chair_02 (5)
Immediate safe instancing candidate,Assets/Idyllic Italian Coast Town/Meshes/Modular/SM_wall_base.fbx,Object32341,Assets/My_Custom/mtrls/YellowWall.mat,Universal Render Pipeline/Lit,6,1800,0,6,True,Architecture,5,Low,_SceneContent/Home/HomeFrontStructure/SM_wall_base (11);_SceneContent/Home/HomeFrontStructure/SM_wall_base (9);_SceneContent/Home/HomeFrontStructure/SM_wall_base (6);_SceneContent/Home/FirstFloor/FirstFloorWalls/SM_wall_base (17);_SceneContent/Home/FirstFloor/FirstFloorWalls/SM_wall_base (12);_SceneContent/Home/HomeFrontStructure/SM_wall_base (21)
Immediate safe instancing candidate,Assets/Idyllic Italian Coast Town/Meshes/Modular/SM_wall_base.fbx,Object32341,Assets/My_Custom/mtrls/OldStairway.mat,Universal Render Pipeline/Lit,6,1800,0,6,True,Architecture,5,Low,_SceneContent/Home/structure/stair;_SceneContent/Home/structure/stair;_SceneContent/Home/structure/stair;_SceneContent/Home/structure/stair;_SceneContent/Home/structure/stair;_SceneContent/Home/structure/stair
Blocked by shader choice or needs shader review,Assets/Idyllic Italian Coast Town/Meshes/Props/SM_fence_02.fbx,Object32320,Assets/Idyllic Italian Coast Town/Meshes/Props/SM_fence_02.fbx,Shader Graphs/PhysicalMaterial3DsMax,5,2580,0,5,False,Architecture,4,Medium,_SceneContent/Home/SecondFloor/FrontSecondFloor/SM_fence_02 (3);_SceneContent/Home/SecondFloor/FrontSecondFloor/SM_fence_02 (4);_SceneContent/Home/SecondFloor/FrontSecondFloor/SM_fence_02 (2);_SceneContent/Home/SecondFloor/FrontSecondFloor/SM_fence_02 (1);_SceneContent/Home/SecondFloor/FrontSecondFloor/SM_fence_02
Blocked by shader choice or needs shader review,Assets/BCaT_assets/BTMMP_Workstation_Assembly/generic_tulip_flower.glb,Cylinder.001_tulip_transparent_1_0,Assets/BCaT_assets/BTMMP_Workstation_Assembly/generic_tulip_flower.glb,UnityGLTF/PBRGraph,5,1920,0,5,False,Vegetation,4,Medium,_SceneContent/ImplementedContributorInstallations/BTMMP_Workstation_Assembly/static/generic_tulip_flower (4)/Cylinder.001/Cylinder.001_tulip_transparent_1_0;_SceneContent/ImplementedContributorInstallations/BTMMP_Workstation_Assembly/static/generic_tulip_flower/Cylinder.001/Cylinder.001_tulip_transparent_1_0;_SceneContent/ImplementedContributorInstallations/BTMMP_Workstation_Assembly/static/generic_tulip_flower (2)/Cylinder.001/Cylinder.001_tulip_transparent_1_0;_SceneContent/ImplementedContributorInstallations/BTMMP_Workstation_Assembly/static/generic_tulip_flower (1)/Cylinder.001/Cylinder.001_tulip_transparent_1_0;_SceneContent/ImplementedContributorInstallations/BTMMP_Workstation_Assembly/static/generic_tulip_flower (3)/Cylinder.001/Cylinder.001_tulip_transparent_1_0
Blocked by shader choice or needs shader review,Assets/BCaT_assets/BTMMP_Workstation_Assembly/generic_tulip_flower.glb,Cylinder.002_tulip_transparent_1_0,Assets/BCaT_assets/BTMMP_Workstation_Assembly/generic_tulip_flower.glb,UnityGLTF/PBRGraph,5,1920,0,5,False,Vegetation,4,Medium,_SceneContent/ImplementedContributorInstallations/BTMMP_Workstation_Assembly/static/generic_tulip_flower (4)/Cylinder.002/Cylinder.002_tulip_transparent_1_0;_SceneContent/ImplementedContributorInstallations/BTMMP_Workstation_Assembly/static/generic_tulip_flower/Cylinder.002/Cylinder.002_tulip_transparent_1_0;_SceneContent/ImplementedContributorInstallations/BTMMP_Workstation_Assembly/static/generic_tulip_flower (2)/Cylinder.002/Cylinder.002_tulip_transparent_1_0;_SceneContent/ImplementedContributorInstallations/BTMMP_Workstation_Assembly/static/generic_tulip_flower (1)/Cylinder.002/Cylinder.002_tulip_transparent_1_0;_SceneContent/ImplementedContributorInstallations/BTMMP_Workstation_Assembly/static/generic_tulip_flower (3)/Cylinder.002/Cylinder.002_tulip_transparent_1_0
Blocked by shader choice or needs shader review,Assets/BCaT_assets/BTMMP_Workstation_Assembly/generic_tulip_flower.glb,Cylinder.001_tulip_opague_1_0,Assets/BCaT_assets/BTMMP_Workstation_Assembly/generic_tulip_flower.glb,UnityGLTF/PBRGraph,5,1255,0,5,False,Vegetation,4,Medium,_SceneContent/ImplementedContributorInstallations/BTMMP_Workstation_Assembly/static/generic_tulip_flower (4)/Cylinder.001/Cylinder.001_tulip_opague_1_0;_SceneContent/ImplementedContributorInstallations/BTMMP_Workstation_Assembly/static/generic_tulip_flower/Cylinder.001/Cylinder.001_tulip_opague_1_0;_SceneContent/ImplementedContributorInstallations/BTMMP_Workstation_Assembly/static/generic_tulip_flower (2)/Cylinder.001/Cylinder.001_tulip_opague_1_0;_SceneContent/ImplementedContributorInstallations/BTMMP_Workstation_Assembly/static/generic_tulip_flower (1)/Cylinder.001/Cylinder.001_tulip_opague_1_0;_SceneContent/ImplementedContributorInstallations/BTMMP_Workstation_Assembly/static/generic_tulip_flower (3)/Cylinder.001/Cylinder.001_tulip_opague_1_0
Blocked by shader choice or needs shader review,Assets/BCaT_assets/BTMMP_Workstation_Assembly/generic_tulip_flower.glb,Cylinder.002_tulip_opague_1_0,Assets/BCaT_assets/BTMMP_Workstation_Assembly/generic_tulip_flower.glb,UnityGLTF/PBRGraph,5,1255,0,5,False,Vegetation,4,Medium,_SceneContent/ImplementedContributorInstallations/BTMMP_Workstation_Assembly/static/generic_tulip_flower (4)/Cylinder.002/Cylinder.002_tulip_opague_1_0;_SceneContent/ImplementedContributorInstallations/BTMMP_Workstation_Assembly/static/generic_tulip_flower/Cylinder.002/Cylinder.002_tulip_opague_1_0;_SceneContent/ImplementedContributorInstallations/BTMMP_Workstation_Assembly/static/generic_tulip_flower (2)/Cylinder.002/Cylinder.002_tulip_opague_1_0;_SceneContent/ImplementedContributorInstallations/BTMMP_Workstation_Assembly/static/generic_tulip_flower (1)/Cylinder.002/Cylinder.002_tulip_opague_1_0;_SceneContent/ImplementedContributorInstallations/BTMMP_Workstation_Assembly/static/generic_tulip_flower (3)/Cylinder.002/Cylinder.002_tulip_opague_1_0
Static batching likely better or already intended,Assets/DevDen Arch Viz Scotland/Models/Bed Room/fotostand.fbx,pCube1,Assets/DevDen Arch Viz Scotland/Materials/Bed Room/Bedroom_wood_table.mat,Universal Render Pipeline/Lit,5,60,5,0,True,Furniture,4,Low,_SceneContent/ImplementedContributorInstallations/RI/Fish_Asset/fotostand (1);_SceneContent/ImplementedContributorInstallations/LindaLeaks_Exhibit/PhotoAlbum_Preview/fotostand;_SceneContent/ImplementedContributorInstallations/LindaLeaks_Exhibit/VintageCamera_Preview/fotostand;_SceneContent/ImplementedContributorInstallations/RI/TV_Asset/TV_Preview/fotostand;_SceneContent/ImplementedContributorInstallations/RI/Photo_Asset/Photo-Album/fotostand (1)
Candidate requiring material cleanup,Assets/Idyllic Italian Coast Town/Meshes/Buildings/SM_building_modular_roof_2x1_01.fbx,Object32368,Assets/Idyllic Italian Coast Town/Materials/M_attachments_stone.mat,Universal Render Pipeline/Lit,4,20440,0,4,False,Architecture,3,Low,_SceneContent/Home/SecondFloor/Roof/SM_building_modular_roof_2x1_01 (3);_SceneContent/Home/SecondFloor/Roof/SM_building_modular_roof_2x1_01 (2);_SceneContent/Home/SecondFloor/Roof/SM_building_modular_roof_2x1_01 (1);_SceneContent/Home/SecondFloor/Roof/SM_building_modular_roof_2x1_01 (4)
Blocked by shader choice or needs shader review,Assets/My_Custom/morten-s.glb,_x0023_BALUSTER0.80.80.81,Assets/My_Custom/morten-s.glb,UnityGLTF/PBRGraph,4,13492,0,4,False,Architecture,3,Medium,_SceneContent/Home/FirstFloor/Hallway/Stairs/Object_26/_x0023_BALUSTER0.80.80.81;_SceneContent/Home/FirstFloor/Hallway/Stairs/Object_24/_x0023_BALUSTER0.80.80.81;_SceneContent/Home/FirstFloor/Hallway/Stairs/Object_22/_x0023_BALUSTER0.80.80.81;_SceneContent/Home/FirstFloor/Hallway/Stairs/Object_20/_x0023_BALUSTER0.80.80.81
Candidate requiring material cleanup,Assets/Idyllic Italian Coast Town/Meshes/Modular/SM_wall_base.fbx,Object32341,Assets/Furniture Mega Pack/Materials/Chair/mat_Chair37.mat,Universal Render Pipeline/Lit,4,1200,0,4,False,Architecture,3,Low,_SceneContent/Home/SecondFloor/Temp_SecondFloor_Planning/SecondFloorBase/SM_wall_base (13);_SceneContent/Home/SecondFloor/Temp_SecondFloor_Planning/SecondFloorBase/SM_wall_base (11);_SceneContent/Home/SecondFloor/Temp_SecondFloor_Planning/SecondFloorBase/SM_wall_base (14);_SceneContent/Home/SecondFloor/Temp_SecondFloor_Planning/SecondFloorBase/SM_wall_base (12)
Immediate safe instancing candidate,Library/unity default resources,Plane,Assets/My_Custom/mtrls/YellowWall.mat,Universal Render Pipeline/Lit,4,800,0,4,True,SmallProp,3,Low,_SceneContent/Home/Exterior/Backyard/path/dirt/Plane (1);_SceneContent/Home/Exterior/Backyard/path/dirt/Plane;_SceneContent/Home/Exterior/Backyard/path/dirt/Plane (2);_SceneContent/Home/Exterior/Backyard/path/dirt/Plane (3)
Immediate safe instancing candidate,Library/unity default resources,Plane,Assets/My_Custom/mtrls/OldStairway.mat,Universal Render Pipeline/Lit,4,800,0,4,True,SmallProp,3,Low,_SceneContent/Home/Exterior/Backyard/path/stone/Plane (5);_SceneContent/Home/Exterior/Backyard/path/stone/Plane (6);_SceneContent/Home/Exterior/Backyard/path/stone/Plane (8);_SceneContent/Home/Exterior/Backyard/path/stone/Plane (4)
Candidate requiring material cleanup,Assets/LowPolyLivingRoomPack/Meshes/Lamp_Tall.fbx,Lamp_Tall,Assets/LowPolyLivingRoomPack/ScenesDemo/M_LowPolyLivingRoom_Floor.mat,Universal Render Pipeline/Lit,4,712,0,4,False,SmallProp,3,Low,_SceneContent/ImplementedContributorInstallations/RI/Lamp_Tall;_SceneContent/ImplementedContributorInstallations/LindaLeaks_Exhibit/PhotoAlbum_Preview/Lamp_Tall;_SceneContent/ImplementedContributorInstallations/RI/Photo_Asset/Lamp_Tall;_SceneContent/ImplementedContributorInstallations/RI/Lamp_Tall (1)
Immediate safe instancing candidate,Assets/UnityTechnologies/Basic Asset Pack Interior/Models/Walls/WallWindowTall4m.FBX,WallWindowTall4mSkirting,Assets/UnityTechnologies/Basic Asset Pack Interior/Materials/WallGreen.mat,Universal Render Pipeline/Lit,4,112,0,4,True,Architecture,3,Low,_SceneContent/Home/FirstFloor/FirstFloorWalls/WallWindowTall4m/WallWindowTall4mSkirting;_SceneContent/Home/FirstFloor/FirstFloorWalls/WallWindowTall4m (3)/WallWindowTall4mSkirting;_SceneContent/Home/FirstFloor/FirstFloorWalls/WallWindowTall4m (2)/WallWindowTall4mSkirting;_SceneContent/Home/FirstFloor/FirstFloorWalls/WallWindowTall4m (1)/WallWindowTall4mSkirting
Candidate requiring material cleanup,Assets/UnityTechnologies/Basic Asset Pack Interior/Models/Floor/Floor4m.FBX,Floor4m,Packages/com.unity.render-pipelines.universal/Runtime/Materials/Lit.mat,Universal Render Pipeline/Lit,4,48,0,4,False,Architecture,3,Low,_SceneContent/Home/SecondFloor/SecondRoom/Floor4m (8);_SceneContent/Home/SecondFloor/Roof/Floor4m (9);_SceneContent/Home/SecondFloor/SecondRoom/Floor4m;_SceneContent/Home/SecondFloor/Roof/Floor4m (8)
Candidate requiring material cleanup,Assets/UnityTechnologies/Basic Asset Pack Interior/Models/Walls/WallWindowTall4m.FBX,WindowTallGlass4m,Assets/UnityTechnologies/Basic Asset Pack Interior/Materials/Glass.mat,Universal Render Pipeline/Lit,4,48,0,4,False,Architecture,3,Low,_SceneContent/Home/FirstFloor/FirstFloorWalls/WallWindowTall4m/WindowTallGlass4m;_SceneContent/Home/FirstFloor/FirstFloorWalls/WallWindowTall4m (3)/WindowTallGlass4m;_SceneContent/Home/FirstFloor/FirstFloorWalls/WallWindowTall4m (2)/WindowTallGlass4m;_SceneContent/Home/FirstFloor/FirstFloorWalls/WallWindowTall4m (1)/WindowTallGlass4m
Blocked by shader choice or needs shader review,,,Resources/unity_builtin_extra,Legacy Shaders/Particles/Alpha Blended Premultiply,4,0,0,4,False,SmallProp,3,Medium,BuildProfiles/XR/XR Origin (XR Rig)/Camera Offset/Right Controller/Teleport Interactor;BuildProfiles/XR/XR Origin (XR Rig)/Camera Offset/Right Controller/Near-Far Interactor/LineVisual;BuildProfiles/XR/XR Origin (XR Rig)/Camera Offset/Left Controller/Teleport Interactor;BuildProfiles/XR/XR Origin (XR Rig)/Camera Offset/Left Controller/Near-Far Interactor/LineVisual
Blocked by shader choice or needs shader review,Assets/BCaT_assets/Ri/glass_fish.glb,SM_Body_M_Body_0,Assets/BCaT_assets/Ri/glass_fish.glb,UnityGLTF/PBRGraph,3,200000,0,3,False,HighPolyArtifact,2,Medium,_SceneContent/ImplementedContributorInstallations/RI/Fish_Asset/glass_fish/SM_Body/SM_Body_M_Body_0;_SceneContent/ImplementedContributorInstallations/RI/Fish_Asset/glass_fish/SM_Body/SM_Body_M_Body_0;_SceneContent/ImplementedContributorInstallations/RI/Fish_Asset/glass_fish/SM_Body/SM_Body_M_Body_0
Blocked by shader choice or needs shader review,Assets/BCaT_assets/9night/drum.glb,Drum.001_Drum_0,Assets/BCaT_assets/9night/drum.glb,UnityGLTF/PBRGraph,3,190100,0,3,False,HighPolyArtifact,2,Medium,_SceneContent/ImplementedContributorInstallations/9Night/drum/Drum.001_Drum_0;_SceneContent/ImplementedContributorInstallations/9Night/drum/Drum.001_Drum_1;_SceneContent/ImplementedContributorInstallations/9Night/drum/Drum.001_Drum_2
Candidate requiring material cleanup,Assets/BCaT_assets/BTMMP_Workstation_Assembly/spray-paint-bottle-2/source/spray_paint_bottle_2.fbx,spray_paint_bottle_2,Assets/BCaT_assets/BTMMP_Workstation_Assembly/spray-paint-bottle-2/source/spray_paint_bottle_2.fbx,Universal Render Pipeline/Lit,3,10224,0,3,False,SmallProp,2,Low,_SceneContent/ImplementedContributorInstallations/BTMMP_Workstation_Assembly/static/spray_paint_bottle_2;_SceneContent/ImplementedContributorInstallations/BTMMP_Workstation_Assembly/static/spray_paint_bottle_2 (1);_SceneContent/ImplementedContributorInstallations/BTMMP_Workstation_Assembly/static/spray_paint_bottle_2 (2)
Static batching likely better or already intended,Assets/Idyllic Italian Coast Town/Meshes/Props/SM_fence_03.fbx,Line060,Assets/Samples/XR Interaction Toolkit/3.3.1/Starter Assets/DemoSceneAssets/Materials/Lit White.mat,Universal Render Pipeline/Simple Lit,3,10200,3,0,True,Architecture,2,Low,_SceneContent/Home/SecondFloor/SecondRoom/SM_fence_03 (1);_SceneContent/Home/SecondFloor/SecondRoom/SM_fence_03 (2);_SceneContent/Home/SecondFloor/SecondRoom/SM_fence_03
Blocked by shader choice or needs shader review,Assets/BCaT_assets/SewingRoom/bed.glb,defaultMaterial,Assets/BCaT_assets/SewingRoom/bed.glb,UnityGLTF/PBRGraph,3,4103,0,3,False,Architecture,2,Medium,_SceneContent/Home/FirstFloor/SewingRoom/Quilt/bed/defaultMaterial;_SceneContent/Home/FirstFloor/SewingRoom/Quilt/bed/defaultMaterial;_SceneContent/Home/FirstFloor/SewingRoom/Quilt/bed/defaultMaterial
Static batching likely better or already intended,Assets/DevDen Arch Viz Scotland/Models/Common/notepad.obj,g_pCube33_pCube33,Assets/DevDen Arch Viz Scotland/Materials/Study Room/Notepad.mat,Universal Render Pipeline/Lit,3,3564,3,0,True,SmallProp,2,Low,_SceneContent/ImplementedContributorInstallations/Meshell_Sturgis/NotePads/Notepad (2);_SceneContent/ImplementedContributorInstallations/Meshell_Sturgis/NotePads/Notepad;_SceneContent/ImplementedContributorInstallations/Meshell_Sturgis/NotePads/Notepad (1)
Immediate safe instancing candidate,Assets/Idyllic Italian Coast Town/Meshes/Modular/SM_wall_base.fbx,Object32341,Assets/My_Custom/mtrls/HallWood 3.mat,Universal Render Pipeline/Lit,3,900,0,3,True,Architecture,2,Low,_SceneContent/Home/FirstFloor/FirstFloorWalls/SM_wall_base (74);_SceneContent/Home/FirstFloor/FirstFloorWalls/SM_wall_base (77);_SceneContent/Home/FirstFloor/FirstFloorWalls/SM_wall_base (75)
Candidate requiring material cleanup,Assets/UnityTechnologies/Basic Asset Pack Interior/Models/Walls/WallWindow4mCurtain.FBX,Curtain4m,Packages/com.unity.render-pipelines.universal/Runtime/Materials/Lit.mat,Universal Render Pipeline/Lit,3,396,0,3,False,Architecture,2,Low,_SceneContent/Home/FirstFloor/DiningRoom/WallWindow4mCurtain (1)/Curtain4m;_SceneContent/Home/FirstFloor/DiningRoom/WallWindow4mCurtain (2)/Curtain4m;_SceneContent/Home/FirstFloor/DiningRoom/WallWindow4mCurtain/Curtain4m
Candidate requiring material cleanup,Assets/picture-frame/source/pictureframe.fbx,pictureframe1,Assets/picture-frame/source/pictureframe.fbx,Universal Render Pipeline/Lit,3,300,0,3,False,FlatDecoration,2,Low,_SceneContent/ImplementedContributorInstallations/BTMMP_Workstation_Assembly/pictureframe/pictureframe1;_SceneContent/ImplementedContributorInstallations/Meshell_Sturgis/BigMommaLivingRoom/pictureframe/pictureframe1;_SceneContent/ImplementedContributorInstallations/Black_Parlors/pictureframe/pictureframe1
Immediate safe instancing candidate,Assets/UnityTechnologies/Basic Asset Pack Interior/Models/Walls/WallWindowTall4m.FBX,WindowFrameTall4m,Assets/UnityTechnologies/Basic Asset Pack Interior/Materials/WallGreen.mat,Universal Render Pipeline/Lit,3,264,0,3,True,FlatDecoration,2,Low,_SceneContent/Home/FirstFloor/FirstFloorWalls/WallWindowTall4m (3)/WindowFrameTall4m;_SceneContent/Home/FirstFloor/FirstFloorWalls/WallWindowTall4m (2)/WindowFrameTall4m;_SceneContent/Home/FirstFloor/FirstFloorWalls/WallWindowTall4m (1)/WindowFrameTall4m
Candidate requiring material cleanup,Assets/UnityTechnologies/Basic Asset Pack Interior/Models/Walls/WallWindow4mCurtain.FBX,CurtainPole4m,Packages/com.unity.render-pipelines.universal/Runtime/Materials/Lit.mat,Universal Render Pipeline/Lit,3,252,0,3,False,Architecture,2,Low,_SceneContent/Home/FirstFloor/DiningRoom/WallWindow4mCurtain (1)/CurtainPole4m;_SceneContent/Home/FirstFloor/DiningRoom/WallWindow4mCurtain (2)/CurtainPole4m;_SceneContent/Home/FirstFloor/DiningRoom/WallWindow4mCurtain/CurtainPole4m
Static batching likely better or already intended,Assets/DevDen Arch Viz Scotland/Models/Study Room/books.FBX,Box102,Assets/DevDen Arch Viz Scotland/Materials/Study Room/book_3.mat,Universal Render Pipeline/Lit,3,222,3,0,True,Architecture,2,Low,_SceneContent/Home/SecondFloor/MemoryRoom/BookShelf/Books/Box102 (2);_SceneContent/Home/SecondFloor/MemoryRoom/BookShelf/Books/Box102 (1);_SceneContent/Home/SecondFloor/MemoryRoom/BookShelf/Books/Box102
Static batching likely better or already intended,Assets/DevDen Arch Viz Scotland/Models/Study Room/books.FBX,Box104,Assets/DevDen Arch Viz Scotland/Materials/Study Room/book_5.mat,Universal Render Pipeline/Lit,3,222,3,0,True,Architecture,2,Low,_SceneContent/Home/SecondFloor/MemoryRoom/BookShelf/Books/Box104 (2);_SceneContent/Home/SecondFloor/MemoryRoom/BookShelf/Books/Box104 (1);_SceneContent/Home/SecondFloor/MemoryRoom/BookShelf/Books/Box104
Immediate safe instancing candidate,Assets/UnityTechnologies/Basic Asset Pack Interior/Models/Walls/WallWindowTall4m.FBX,WallWindowTall4m,Assets/Samples/XR Interaction Toolkit/3.3.1/Starter Assets/DemoSceneAssets/Materials/Lit White.mat,Universal Render Pipeline/Simple Lit,3,120,0,3,True,Architecture,2,Low,_SceneContent/Home/FirstFloor/FirstFloorWalls/WallWindowTall4m (3)/WallWindowTall4m;_SceneContent/Home/FirstFloor/FirstFloorWalls/WallWindowTall4m (2)/WallWindowTall4m;_SceneContent/Home/FirstFloor/FirstFloorWalls/WallWindowTall4m (1)/WallWindowTall4m
Static batching likely better or already intended,Library/unity default resources,Cube,Assets/DevDen Arch Viz Scotland/Materials/Bathroom/Bathroom_glass_1.mat,Universal Render Pipeline/Lit,3,36,3,0,True,Architecture,2,Low,_SceneContent/Home/SecondFloor/SecondRoom/shower/BathroomGlass;_SceneContent/Home/SecondFloor/SecondRoom/shower/BathroomGlass (2);_SceneContent/Home/SecondFloor/SecondRoom/shower/BathroomGlass (1)
Blocked by shader choice or needs shader review,Library/unity default resources,Cube,Assets/Idyllic Italian Coast Town/Materials/M_skybox.mat,Skybox/Panoramic,3,36,0,3,False,Architecture,2,Medium,_SceneContent/Home/FirstFloor/Kitchen/Cube;_SceneContent/Home/FirstFloor/Kitchen/Cube (2);_SceneContent/Home/FirstFloor/Kitchen/Cube (1)
