asset	width	height	format	mips	readable	maxSize	compression	crunch	sRGB	type	sourceSizeBytes
Assets/BCAT_GLB_TextureRemediation/dishwasher/Texture_0 _00.png	2048	2048	DXT1	12	False	2048	CompressedHQ	False	True	Default	292413
Assets/BCAT_GLB_TextureRemediation/dishwasher/Texture_1 _01.png	2048	2048	DXT1	12	False	2048	CompressedHQ	False	False	Default	417536
Assets/BCAT_GLB_TextureRemediation/metal_table_asset/Texture_0 _00.png	2048	2048	DXT1	12	False	2048	CompressedHQ	False	True	Default	12377140
Assets/BCAT_GLB_TextureRemediation/metal_table_asset/Texture_1 _01.png	2048	2048	DXT1	12	False	2048	CompressedHQ	False	False	Default	8796351
Assets/BCaT_assets/BTMMP_Workstation_Assembly/camera-canon-eos-400d/textures/Camara_Low_V2_lambert3_BaseColor.png	2048	2048	DXT5	12	False	2048	Compressed	False	True	Default	1422749
Assets/BCaT_assets/BTMMP_Workstation_Assembly/camera-canon-eos-400d/textures/Camara_Low_V2_lambert3_Normal.png	2048	2048	DXT1	12	False	2048	Compressed	False	True	Default	14076281
Assets/BCaT_assets/BTMMP_Workstation_Assembly/spray-paint-bottle-2/textures/diffuse.jpg	2048	2048	DXT1	12	False	2048	Compressed	False	True	Default	1590799
Assets/BCaT_assets/BTMMP_Workstation_Assembly/spray-paint-bottle-2/textures/normal.jpg	2048	2048	DXT1	12	False	2048	Compressed	False	True	Default	1985517
Assets/BCaT_assets/LindaLeaks/Images/LL_CoopHousing_01.jpg	1495	1025	RGB24	1	False	2048	Compressed	False	True	Sprite	257869
Assets/BCaT_assets/LindaLeaks/Images/LL_CoopHousing_02.jpg	1492	1031	RGB24	1	False	2048	Compressed	False	True	Sprite	321221
Assets/BCaT_assets/LindaLeaks/Images/LL_CoopHousing_03.jpg	1503	1030	RGB24	1	False	2048	Compressed	False	True	Sprite	273241
Assets/BCaT_assets/LindaLeaks/Images/LL_CoopHousing_04.jpg	1744	1182	RGB24	1	False	2048	Compressed	False	True	Sprite	369875
Assets/BCaT_assets/LindaLeaks/Images/LL_CoopHousing_05.jpg	1711	1180	RGB24	1	False	2048	Compressed	False	True	Sprite	367470
Assets/BCaT_assets/LindaLeaks/Images/LL_CoopHousing_06.png	2048	1369	RGB24	1	False	2048	Compressed	False	True	Sprite	10301780
Assets/BCaT_assets/LindaLeaks/Images/LL_CoopHousing_09.jpg	1753	1185	RGB24	1	False	2048	Compressed	False	True	Sprite	282610
Assets/BCaT_assets/LindaLeaks/Images/LL_map.png	2048	1375	RGBA32	1	False	2048	Compressed	False	True	Sprite	6543523
Assets/BCaT_assets/Meshell_Sturgis/My Grandma's Garden.png	4096	2048	DXT1	1	False	4096	Compressed	False	True	Default	16537844
Assets/BCaT_assets/Meshell_Sturgis/articles/Pages/BlackRefractions/page_001.png	792	1224	RGB24	1	False	2048	Uncompressed	False	True	Default	455322
Assets/BCaT_assets/Meshell_Sturgis/articles/Pages/BlackRefractions/page_002.png	583	1224	RGB24	1	False	2048	Uncompressed	False	True	Default	38835
Assets/BCaT_assets/Meshell_Sturgis/articles/Pages/BlackRefractions/page_003.png	755	1145	RGB24	1	False	2048	Uncompressed	False	True	Default	266758
Assets/BCaT_assets/Meshell_Sturgis/articles/Pages/BlackRefractions/page_004.png	758	1074	RGB24	1	False	2048	Uncompressed	False	True	Default	266016
Assets/BCaT_assets/Meshell_Sturgis/articles/Pages/BlackRefractions/page_005.png	757	1059	RGB24	1	False	2048	Uncompressed	False	True	Default	290827
Assets/BCaT_assets/Meshell_Sturgis/articles/Pages/BlackRefractions/page_006.png	699	1138	RGB24	1	False	2048	Uncompressed	False	True	Default	97873
Assets/BCaT_assets/Meshell_Sturgis/articles/Pages/BlackRefractions/page_007.png	792	1224	RGB24	1	False	2048	Uncompressed	False	True	Default	4592
Assets/BCaT_assets/Meshell_Sturgis/articles/Pages/BlackRefractions/page_009.png	753	1184	RGB24	1	False	2048	Uncompressed	False	True	Default	309505
Assets/BCaT_assets/Meshell_Sturgis/articles/Pages/BlackRefractions/page_010.png	740	912	RGB24	1	False	2048	Uncompressed	False	True	Default	58141
Assets/BCaT_assets/Meshell_Sturgis/articles/Pages/BlackRefractions/page_011.png	729	1112	RGB24	1	False	2048	Uncompressed	False	True	Default	267551
Assets/BCaT_assets/Meshell_Sturgis/articles/Pages/BlackRefractions/page_012.png	754	1166	RGB24	1	False	2048	Uncompressed	False	True	Default	229965
Assets/BCaT_assets/Meshell_Sturgis/articles/Pages/BlackRefractions/page_013.png	760	1112	RGB24	1	False	2048	Uncompressed	False	True	Default	170795
Assets/BCaT_assets/Meshell_Sturgis/articles/Pages/BlackRefractions/page_014.png	750	1113	RGB24	1	False	2048	Uncompressed	False	True	Default	212562
Assets/BCaT_assets/Meshell_Sturgis/articles/Pages/BlackRefractions/page_016.png	759	1161	RGB24	1	False	2048	Uncompressed	False	True	Default	245915
Assets/BCaT_assets/Meshell_Sturgis/articles/Pages/BlackRefractions/page_017.png	715	1163	RGB24	1	False	2048	Uncompressed	False	True	Default	240551
Assets/BCaT_assets/Meshell_Sturgis/articles/Pages/BlackRefractions/page_018.png	752	1224	RGB24	1	False	2048	Uncompressed	False	True	Default	117151
Assets/BCaT_assets/Meshell_Sturgis/articles/Pages/BlackRefractions/page_019.png	792	1224	RGB24	1	False	2048	Uncompressed	False	True	Default	611703
Assets/BCaT_assets/Meshell_Sturgis/articles/Pages/BlackRefractions/page_020.png	792	1203	RGB24	1	False	2048	Uncompressed	False	True	Default	519983
Assets/BCaT_assets/Meshell_Sturgis/articles/Pages/BlackRefractions/page_021.png	760	1148	RGB24	1	False	2048	Uncompressed	False	True	Default	224076
Assets/BCaT_assets/Meshell_Sturgis/articles/Pages/BlackRefractions/page_022.png	759	1087	RGB24	1	False	2048	Uncompressed	False	True	Default	128868
Assets/BCaT_assets/Meshell_Sturgis/articles/Pages/BlackRefractions/page_023.png	792	1224	RGB24	1	False	2048	Uncompressed	False	True	Default	34446
Assets/BCaT_assets/Meshell_Sturgis/articles/Pages/BlackRefractions/page_024.png	764	1224	RGB24	1	False	2048	Uncompressed	False	True	Default	211709
Assets/BCaT_assets/Meshell_Sturgis/articles/Pages/BlackRefractions/page_025.png	762	1224	RGB24	1	False	2048	Uncompressed	False	True	Default	197478
Assets/BCaT_assets/Meshell_Sturgis/articles/Pages/BlackRefractions/page_026.png	761	1224	RGB24	1	False	2048	Uncompressed	False	True	Default	122986
Assets/BCaT_assets/Meshell_Sturgis/articles/Pages/BlackRefractions/page_027.png	763	1224	RGB24	1	False	2048	Uncompressed	False	True	Default	98546
Assets/BCaT_assets/Meshell_Sturgis/articles/Pages/BlackRefractions/page_028.png	758	1174	RGB24	1	False	2048	Uncompressed	False	True	Default	210591
Assets/BCaT_assets/Meshell_Sturgis/articles/Pages/BlackRefractions/page_029.png	760	1113	RGB24	1	False	2048	Uncompressed	False	True	Default	225443
Assets/BCaT_assets/Meshell_Sturgis/articles/Pages/BlackRefractions/page_030.png	708	1203	RGB24	1	False	2048	Uncompressed	False	True	Default	435890
Assets/BCaT_assets/Meshell_Sturgis/articles/Pages/BlackRefractions/page_031.png	760	1224	RGB24	1	False	2048	Uncompressed	False	True	Default	358642
Assets/BCaT_assets/Meshell_Sturgis/articles/Pages/BlackRefractions/page_032.png	686	1158	RGB24	1	False	2048	Uncompressed	False	True	Default	194860
Assets/BCaT_assets/Meshell_Sturgis/articles/Pages/BlackRefractions/page_033.png	691	1157	RGB24	1	False	2048	Uncompressed	False	True	Default	186370
Assets/BCaT_assets/Meshell_Sturgis/articles/Pages/BlackRefractions/page_034.png	698	1174	RGB24	1	False	2048	Uncompressed	False	True	Default	214720
Assets/BCaT_assets/Meshell_Sturgis/articles/Pages/BlackRefractions/page_035.png	707	1103	RGB24	1	False	2048	Uncompressed	False	True	Default	200737
Assets/BCaT_assets/Meshell_Sturgis/articles/Pages/BlackRefractions/page_036.png	792	1224	RGB24	1	False	2048	Uncompressed	False	True	Default	20887
Assets/BCaT_assets/Meshell_Sturgis/articles/Pages/BlackRefractions/page_037.png	792	1039	RGB24	1	False	2048	Uncompressed	False	True	Default	147763
Assets/BCaT_assets/Meshell_Sturgis/articles/Pages/BlackRefractions/page_038.png	758	1165	RGB24	1	False	2048	Uncompressed	False	True	Default	151451
Assets/BCaT_assets/Meshell_Sturgis/articles/Pages/BlackRefractions/page_039.png	760	1163	RGB24	1	False	2048	Uncompressed	False	True	Default	171430
Assets/BCaT_assets/Meshell_Sturgis/articles/Pages/BlackRefractions/page_040.png	759	1180	RGB24	1	False	2048	Uncompressed	False	True	Default	209196
Assets/BCaT_assets/Meshell_Sturgis/articles/Pages/BlackRefractions/page_041.png	792	1060	RGB24	1	False	2048	Uncompressed	False	True	Default	286326
Assets/BCaT_assets/Meshell_Sturgis/articles/Pages/BlackRefractions/page_042.png	760	1175	RGB24	1	False	2048	Uncompressed	False	True	Default	201904
Assets/BCaT_assets/Meshell_Sturgis/articles/Pages/BlackRefractions/page_043.png	734	1036	RGB24	1	False	2048	Uncompressed	False	True	Default	169019
Assets/BCaT_assets/Meshell_Sturgis/articles/Pages/GettingHome/page_001.png	864	1248	RGB24	1	False	2048	Uncompressed	False	True	Default	206739
Assets/BCaT_assets/Meshell_Sturgis/articles/Pages/GettingHome/page_002.png	684	1124	RGB24	1	False	2048	Uncompressed	False	True	Default	324130
Assets/BCaT_assets/Meshell_Sturgis/articles/Pages/GettingHome/page_003.png	685	1124	RGB24	1	False	2048	Uncompressed	False	True	Default	308587
Assets/BCaT_assets/Meshell_Sturgis/articles/Pages/GettingHome/page_004.png	685	1124	RGB24	1	False	2048	Uncompressed	False	True	Default	296681
Assets/BCaT_assets/Meshell_Sturgis/articles/Pages/GettingHome/page_005.png	684	1124	RGB24	1	False	2048	Uncompressed	False	True	Default	305537
Assets/BCaT_assets/Meshell_Sturgis/articles/Pages/GettingHome/page_006.png	684	1122	RGB24	1	False	2048	Uncompressed	False	True	Default	285447
Assets/BCaT_assets/Meshell_Sturgis/articles/Pages/GettingHome/page_007.png	671	1116	RGB24	1	False	2048	Uncompressed	False	True	Default	286009
Assets/BCaT_assets/Meshell_Sturgis/articles/Pages/Tesseract/page_001.png	1120	1395	RGB24	1	False	2048	Uncompressed	False	True	Default	209258
Assets/BCaT_assets/Meshell_Sturgis/articles/Pages/Tesseract/page_002.png	1120	1395	RGB24	1	False	2048	Uncompressed	False	True	Default	169512
Assets/BCaT_assets/Meshell_Sturgis/articles/Pages/Tesseract/page_003.png	1120	1395	RGB24	1	False	2048	Uncompressed	False	True	Default	465720
Assets/BCaT_assets/Meshell_Sturgis/articles/Pages/Tesseract/page_004.png	1120	1395	RGB24	1	False	2048	Uncompressed	False	True	Default	751246
Assets/BCaT_assets/Meshell_Sturgis/articles/Pages/Tesseract/page_005.png	1120	1395	RGB24	1	False	2048	Uncompressed	False	True	Default	747479
Assets/BCaT_assets/Meshell_Sturgis/articles/Pages/Tesseract/page_006.png	1120	1395	RGB24	1	False	2048	Uncompressed	False	True	Default	781530
Assets/BCaT_assets/Meshell_Sturgis/articles/Pages/Tesseract/page_007.png	1120	1395	RGB24	1	False	2048	Uncompressed	False	True	Default	782018
Assets/BCaT_assets/Meshell_Sturgis/articles/Pages/Tesseract/page_008.png	1120	1363	RGB24	1	False	2048	Uncompressed	False	True	Default	793787
Assets/Coconut Palm Tree Pack/Textures/Coconut_Palm_Tree_diffuse.psd	1024	1024	DXT5	11	True	1024	Compressed	False	True	Default	15023852
Assets/DevDen Arch Viz Scotland/Textures/Bathroom/Bathroom_Glass/glass_glass_Normal.png	1024	1024	DXT5	11	True	1024	Compressed	False	False	NormalMap	461977
Assets/DevDen Arch Viz Scotland/Textures/Bed Room/bedside_carpet/carpet_carpet_AlbedoTransparency.png	1024	1024	DXT1Crunched	11	True	1024	Compressed	False	True	Default	1599153
Assets/DevDen Arch Viz Scotland/Textures/Common/Interior_props/StudyRoom_BG1.png	1024	1024	DXT1	11	True	1024	Compressed	False	True	Default	4368367
Assets/DevDen Arch Viz Scotland/Textures/Common/SmallObj/trash-can_albedo.png	1024	1024	DXT1	11	False	1024	Compressed	False	True	Default	808254
Assets/DevDen Arch Viz Scotland/Textures/Common/SmallObj/trash-can_metal.png	1024	1024	DXT1	11	False	1024	Compressed	False	True	Default	26797
Assets/DevDen Arch Viz Scotland/Textures/Common/SmallObj/trash-can_normal.png	1024	1024	DXT5	11	False	1024	Compressed	False	False	NormalMap	3703805
Assets/DevDen Arch Viz Scotland/Textures/Common/note_pad/note_pad_note_pad_AlbedoTransparency.png	1024	1024	DXT1	11	False	1024	Compressed	False	True	Default	1980002
Assets/DevDen Arch Viz Scotland/Textures/Common/note_pad/note_pad_note_pad_MetallicSmoothness.png	1024	1024	DXT5	11	False	1024	Compressed	False	True	Default	21250
Assets/DevDen Arch Viz Scotland/Textures/Common/note_pad/note_pad_note_pad_Normal.png	1024	1024	DXT5	11	False	1024	Compressed	False	False	NormalMap	2272259
Assets/DevDen Arch Viz Scotland/Textures/Dining Room/dinning_chair/dinning_chair_diining_chair_wood_AO.png	1024	1024	DXT1Crunched	11	True	1024	Compressed	False	True	Default	690358
Assets/DevDen Arch Viz Scotland/Textures/Dining Room/dinning_chair/dinning_chair_diining_chair_wood_AlbedoTransparency.png	1024	1024	DXT1Crunched	11	True	1024	Compressed	False	True	Default	3051844
Assets/DevDen Arch Viz Scotland/Textures/Dining Room/dinning_chair/dinning_chair_diining_chair_wood_MetallicSmoothness.png	1024	1024	DXT5Crunched	11	True	1024	Compressed	False	True	Default	78120
Assets/DevDen Arch Viz Scotland/Textures/Dining Room/dinning_chair/dinning_chair_diining_chair_wood_Normal.png	1024	1024	DXT5Crunched	11	True	1024	Compressed	False	False	NormalMap	2030473
Assets/DevDen Arch Viz Scotland/Textures/Environment/Floor Texture/floor mat 1_Normal.png	1024	1024	DXT5	11	False	1024	Compressed	False	False	NormalMap	2272612
Assets/DevDen Arch Viz Scotland/Textures/Kitchen Room/side_piece/side_piece_marble_AO.png	1024	1024	DXT1Crunched	11	True	1024	Compressed	False	True	Default	288814
Assets/DevDen Arch Viz Scotland/Textures/Kitchen Room/side_piece/side_piece_marble_AlbedoTransparency.png	1024	1024	DXT1Crunched	11	True	1024	Compressed	False	True	Default	4606213
Assets/DevDen Arch Viz Scotland/Textures/Kitchen Room/side_piece/side_piece_marble_MetallicSmoothness.png	1024	1024	DXT5Crunched	11	True	1024	Compressed	False	True	Default	78120
Assets/DevDen Arch Viz Scotland/Textures/Kitchen Room/side_piece/side_piece_marble_Normal.png	1024	1024	DXT5Crunched	11	True	1024	Compressed	False	False	NormalMap	111190
Assets/DevDen Arch Viz Scotland/Textures/Living Room/TV_Shelf/TV_Shelf_DefaultMaterial_MetallicSmoothness.png	1024	1024	DXT1	11	False	1024	Compressed	False	True	Default	6540
Assets/DevDen Arch Viz Scotland/Textures/Living Room/sofa_2/sofa_2_01 - Default_AO.png	1024	1024	DXT1Crunched	11	True	1024	Compressed	False	True	Default	1857745
Assets/DevDen Arch Viz Scotland/Textures/Living Room/sofa_2/sofa_2_01 - Default_AlbedoTransparency.png	1024	1024	DXT1Crunched	11	True	1024	Compressed	False	True	Default	1854457
Assets/DevDen Arch Viz Scotland/Textures/Living Room/sofa_2/sofa_2_01 - Default_MetallicSmoothness.png	1024	1024	DXT5Crunched	11	True	1024	Compressed	False	True	Default	2203480
Assets/DevDen Arch Viz Scotland/Textures/Study Room/StudyRoom Carpet/Atlas1_Metallic_Smoothness.png	1024	1024	DXT1	11	False	1024	Compressed	False	True	Default	4292
Assets/DevDen Arch Viz Scotland/Textures/Study Room/StudyRoom Carpet/Atlas_1.png	1024	1024	DXT1	11	False	1024	Compressed	False	True	Default	2814449
Assets/DevDen Arch Viz Scotland/Textures/Study Room/StudyRoom Carpet/Emission.png	1024	1024	DXT1	11	False	1024	Compressed	False	True	Default	194769
Assets/DevDen Arch Viz Scotland/Textures/Study Room/imac/Imac_imac_AlbedoTransparency.png	1024	1024	DXT1	11	False	1024	Compressed	False	True	Default	2361977
Assets/DevDen Arch Viz Scotland/Textures/Study Room/imac/Imac_imac_AlbedoTransparency_emission.png	1024	1024	DXT1	11	False	1024	Compressed	False	True	Default	1952400
Assets/DevDen Arch Viz Scotland/Textures/Study Room/imac/Imac_imac_MetallicSmoothness.png	1024	1024	DXT5	11	False	1024	Compressed	False	True	Default	71195
Assets/DevDen Arch Viz Scotland/Textures/Study Room/imac/Imac_imac_Normal.png	1024	1024	DXT5	11	False	1024	Compressed	False	False	NormalMap	2816229
Assets/DevDen Arch Viz Scotland/Textures/Study Room/table/Study Table_AO.png	1024	1024	DXT1	11	False	1024	Compressed	False	True	Default	1660237
Assets/DevDen Arch Viz Scotland/Textures/Study Room/table/Study Table_AlbedoTransparency.png	1024	1024	DXT1	11	False	1024	Compressed	False	True	Default	3005971
Assets/DevDen Arch Viz Scotland/Textures/Study Room/table/Study Table_MetallicSmoothness.png	1024	1024	DXT5	11	False	1024	Compressed	False	True	Default	139707
Assets/DevDen Arch Viz Scotland/Textures/Study Room/table/Study Table_Normal.png	1024	1024	DXT5	11	False	1024	Compressed	False	False	NormalMap	17290
Assets/Furniture Mega Pack/Textures/Bathroom/AtlasTexture_BathroomCollection_BathroomCollection_AlbedoTransparency.png	1024	1024	DXT1	11	False	1024	Compressed	False	True	Default	375705
Assets/Furniture Mega Pack/Textures/Bathroom/AtlasTexture_BathroomCollection_BathroomCollection_MetallicSmoothness.png	1024	1024	DXT5	11	False	1024	Compressed	False	True	Default	1604071
Assets/Furniture Mega Pack/Textures/Bathroom/AtlasTexture_BathroomCollection_BathroomCollection_Normal.png	1024	1024	DXT5	11	False	1024	Compressed	False	False	NormalMap	2526123
Assets/Furniture Mega Pack/Textures/Bed/BedFrame/AtlasTexture_BedFrame_AtlasTexture_BedFrame_AlbedoTransparency.png	1024	1024	DXT1	11	False	1024	Compressed	False	True	Default	4861539
Assets/Furniture Mega Pack/Textures/Bed/BedFrame/AtlasTexture_BedFrame_AtlasTexture_BedFrame_MetallicSmoothness.png	1024	1024	DXT5	11	False	1024	Compressed	False	True	Default	1683128
Assets/Furniture Mega Pack/Textures/Bed/BedFrame/AtlasTexture_BedFrame_AtlasTexture_BedFrame_Normal.png	1024	1024	DXT5	11	False	1024	Compressed	False	False	NormalMap	6486874
Assets/Furniture Mega Pack/Textures/Bed/Blanket/AtlasTexture_Blanket_DefaultMaterial_AlbedoTransparency.png	1024	1024	DXT1	11	False	1024	Compressed	False	True	Default	6560489
Assets/Furniture Mega Pack/Textures/Bed/Blanket/AtlasTexture_Blanket_DefaultMaterial_MetallicSmoothness.png	1024	1024	DXT5	11	False	1024	Compressed	False	True	Default	1060641
Assets/Furniture Mega Pack/Textures/Bed/Blanket/AtlasTexture_Blanket_DefaultMaterial_Normal.png	1024	1024	DXT5	11	False	1024	Compressed	False	False	NormalMap	11151857
Assets/Furniture Mega Pack/Textures/Bed/Mattress/AtlasTexture_Mattress_DefaultMaterial_AlbedoTransparency.png	1024	1024	DXT1	11	False	1024	Compressed	False	True	Default	3650635
Assets/Furniture Mega Pack/Textures/Bed/Mattress/AtlasTexture_Mattress_DefaultMaterial_MetallicSmoothness.png	1024	1024	DXT5	11	False	1024	Compressed	False	True	Default	1621187
Assets/Furniture Mega Pack/Textures/Bed/Mattress/AtlasTexture_Mattress_DefaultMaterial_Normal.png	1024	1024	DXT5	11	False	1024	Compressed	False	False	NormalMap	12162323
Assets/Furniture Mega Pack/Textures/Chairs/Chair09/Chair09_mat_Chair09_AlbedoTransparency.png	1024	1024	DXT1	11	False	1024	Compressed	False	True	Default	2185686
Assets/Furniture Mega Pack/Textures/Chairs/Chair09/Chair09_mat_Chair09_MetallicSmoothness.png	1024	1024	DXT5	11	False	1024	Compressed	False	True	Default	2133722
Assets/Furniture Mega Pack/Textures/Chairs/Chair09/Chair09_mat_Chair09_Normal.png	1024	1024	DXT5	11	False	1024	Compressed	False	False	NormalMap	8397819
Assets/Furniture Mega Pack/Textures/Chairs/Chair26/Chair26_mat_Chair26_AlbedoTransparency.png	1024	1024	DXT1	11	False	1024	Compressed	False	True	Default	923192
Assets/Furniture Mega Pack/Textures/Chairs/Chair26/Chair26_mat_Chair26_MetallicSmoothness.png	1024	1024	DXT5	11	False	1024	Compressed	False	True	Default	1481375
Assets/Furniture Mega Pack/Textures/Chairs/Chair26/Chair26_mat_Chair26_Normal.png	1024	1024	DXT5	11	False	1024	Compressed	False	False	NormalMap	3618054
Assets/Furniture Mega Pack/Textures/Chairs/Chair37/Chair37_mat_Chair37_AlbedoTransparency.png	1024	1024	DXT1	11	False	1024	Compressed	False	True	Default	3665272
Assets/Furniture Mega Pack/Textures/Chairs/Chair37/Chair37_mat_Chair37_MetallicSmoothness.png	1024	1024	DXT5	11	False	1024	Compressed	False	True	Default	1934302
Assets/Furniture Mega Pack/Textures/Chairs/Chair37/Chair37_mat_Chair37_Normal.png	1024	1024	DXT5	11	False	1024	Compressed	False	False	NormalMap	4305754
Assets/Furniture Mega Pack/Textures/Chairs/Chair47/Chair47_mat_Chair47_AlbedoTransparency.png	1024	1024	DXT1	11	False	1024	Compressed	False	True	Default	3633489
Assets/Furniture Mega Pack/Textures/Chairs/Chair47/Chair47_mat_Chair47_MetallicSmoothness.png	1024	1024	DXT5	11	False	1024	Compressed	False	True	Default	2067806
Assets/Furniture Mega Pack/Textures/Chairs/Chair47/Chair47_mat_Chair47_Normal.png	1024	1024	DXT5	11	False	1024	Compressed	False	False	NormalMap	4567915
Assets/Furniture Mega Pack/Textures/Chairs/Chair48/Chair48_mat_Chair48_AlbedoTransparency.png	1024	1024	DXT1	11	False	1024	Compressed	False	True	Default	2295487
Assets/Furniture Mega Pack/Textures/Chairs/Chair48/Chair48_mat_Chair48_MetallicSmoothness.png	1024	1024	DXT5	11	False	1024	Compressed	False	True	Default	1323674
Assets/Furniture Mega Pack/Textures/Chairs/Chair48/Chair48_mat_Chair48_Normal.png	1024	1024	DXT5	11	False	1024	Compressed	False	False	NormalMap	7776845
Assets/Furniture Mega Pack/Textures/Chairs/Chair49/Chair49_mat_Chair49_AlbedoTransparency.png	1024	1024	DXT1	11	False	1024	Compressed	False	True	Default	1682339
Assets/Furniture Mega Pack/Textures/Chairs/Chair49/Chair49_mat_Chair49_MetallicSmoothness.png	1024	1024	DXT5	11	False	1024	Compressed	False	True	Default	1884063
Assets/Furniture Mega Pack/Textures/Chairs/Chair49/Chair49_mat_Chair49_Normal.png	1024	1024	DXT5	11	False	1024	Compressed	False	False	NormalMap	5786125
Assets/Furniture Mega Pack/Textures/Closet/AtlasTexture_Closet_AlbedoTransparency.png	1024	1024	DXT1	11	False	1024	Compressed	False	True	Default	5572886
Assets/Furniture Mega Pack/Textures/Closet/AtlasTexture_Closet_MetallicSmoothness.png	1024	1024	DXT5	11	False	1024	Compressed	False	True	Default	1941861
Assets/Furniture Mega Pack/Textures/Closet/AtlasTexture_Closet_Normal.png	1024	1024	DXT5	11	False	1024	Compressed	False	False	NormalMap	4446409
Assets/Furniture Mega Pack/Textures/Cushions/Cushion01_08/Cushion01_08_mat_Cushion01_08_AlbedoTransparency.png	1024	1024	DXT1	11	False	1024	Compressed	False	True	Default	1550685
Assets/Furniture Mega Pack/Textures/Cushions/Cushion01_08/Cushion01_08_mat_Cushion01_08_MetallicSmoothness.png	1024	1024	DXT5	11	False	1024	Compressed	False	True	Default	587678
Assets/Furniture Mega Pack/Textures/Cushions/Cushion01_08/Cushion01_08_mat_Cushion01_08_Normal.png	1024	1024	DXT5	11	False	1024	Compressed	False	False	NormalMap	7292178
Assets/Furniture Mega Pack/Textures/Cushions/Cushion17_24/Cushion17_24_mat_Cushion17_24_AlbedoTransparency.png	1024	1024	DXT1	11	False	1024	Compressed	False	True	Default	3152843
Assets/Furniture Mega Pack/Textures/Cushions/Cushion17_24/Cushion17_24_mat_Cushion17_24_MetallicSmoothness.png	1024	1024	DXT5	11	False	1024	Compressed	False	True	Default	2163889
Assets/Furniture Mega Pack/Textures/Cushions/Cushion17_24/Cushion17_24_mat_Cushion17_24_Normal.png	1024	1024	DXT5	11	False	1024	Compressed	False	False	NormalMap	7957032
Assets/Furniture Mega Pack/Textures/Tables/Table06/Table06_mat_Table06_AlbedoTransparency.png	1024	1024	DXT1	11	False	1024	Compressed	False	True	Default	2938717
Assets/Furniture Mega Pack/Textures/Tables/Table06/Table06_mat_Table06_MetallicSmoothness.png	1024	1024	DXT5	11	False	1024	Compressed	False	True	Default	1321933
Assets/Furniture Mega Pack/Textures/Tables/Table06/Table06_mat_Table06_Normal.png	1024	1024	DXT5	11	False	1024	Compressed	False	False	NormalMap	3472976
Assets/Furniture Mega Pack/Textures/Tables/Table38/Table38_mat_Table38_AlbedoTransparency.png	1024	1024	DXT1	11	False	1024	Compressed	False	True	Default	2973386
Assets/Furniture Mega Pack/Textures/Tables/Table38/Table38_mat_Table38_MetallicSmoothness.png	1024	1024	DXT5	11	False	1024	Compressed	False	True	Default	1906818
Assets/Furniture Mega Pack/Textures/Tables/Table38/Table38_mat_Table38_Normal.png	1024	1024	DXT5	11	False	1024	Compressed	False	False	NormalMap	4477878
Assets/HyTeKGames/SRPMaterialConverter/ConvertedMaterials/Maps/balcony_wood_AO.png	1024	1024	DXT1	11	False	1024	Compressed	False	True	Default	78118
Assets/HyTeKGames/SRPMaterialConverter/ConvertedMaterials/Maps/balcony_wood_Metallic.png	1024	1024	DXT5	11	False	1024	Compressed	False	True	Default	73381
Assets/HyTeKGames/SRPMaterialConverter/ConvertedMaterials/Maps/carpet_AO.png	1024	1024	DXT5	11	False	1024	Compressed	False	True	Default	84060
Assets/HyTeKGames/SRPMaterialConverter/ConvertedMaterials/Maps/carpet_Metallic.png	1024	1024	DXT5	11	False	1024	Compressed	False	True	Default	73381
Assets/Idyllic Italian Coast Town/Textures/M_attachments_stone_BaseMap.png	1024	1024	DXT1	11	False	1024	Compressed	False	True	Default	5109032
Assets/Idyllic Italian Coast Town/Textures/M_attachments_stone_MaskMap.png	1024	1024	DXT5	11	False	1024	Compressed	False	True	Default	4193225
Assets/Idyllic Italian Coast Town/Textures/M_attachments_stone_Normal.png	1024	1024	DXT5	11	False	1024	Compressed	False	False	NormalMap	2728269
Assets/Idyllic Italian Coast Town/Textures/M_boat_kit_BaseMap.png	1024	1024	DXT1	11	False	1024	Compressed	False	True	Default	2802620
Assets/Idyllic Italian Coast Town/Textures/M_boat_kit_MaskMap.png	1024	1024	DXT5	11	False	1024	Compressed	False	True	Default	2837213
Assets/Idyllic Italian Coast Town/Textures/M_boat_kit_Normal.png	1024	1024	DXT5	11	False	1024	Compressed	False	False	NormalMap	3463901
Assets/Idyllic Italian Coast Town/Textures/M_chairs_BaseMap.png	1024	1024	DXT1	11	False	1024	Compressed	False	True	Default	1922253
Assets/Idyllic Italian Coast Town/Textures/M_chairs_MaskMap.png	1024	1024	DXT5	11	False	1024	Compressed	False	True	Default	3376544
Assets/Idyllic Italian Coast Town/Textures/M_chairs_Normal.png	1024	1024	DXT5	11	False	1024	Compressed	False	False	NormalMap	3579351
Assets/Idyllic Italian Coast Town/Textures/M_doors_italian_BaseMap.png	1024	1024	DXT1	11	False	1024	Compressed	False	True	Default	3045753
Assets/Idyllic Italian Coast Town/Textures/M_doors_italian_MaskMap.png	1024	1024	DXT5	11	False	1024	Compressed	False	True	Default	2829425
Assets/Idyllic Italian Coast Town/Textures/M_doors_italian_Normal.png	1024	1024	DXT5	11	False	1024	Compressed	False	False	NormalMap	2991492
Assets/Idyllic Italian Coast Town/Textures/M_skybox_01.png	1024	1024	DXT1	11	False	1024	Compressed	False	True	Default	2433239
Assets/Idyllic Italian Coast Town/Textures/M_skybox_cloudy.png	1024	1024	DXT1	1	False	1024	Compressed	False	True	Default	3057621
Assets/Idyllic Italian Coast Town/Textures/M_windows_italian_BaseMap.png	1024	1024	DXT1	11	False	1024	Compressed	False	True	Default	3686448
Assets/Idyllic Italian Coast Town/Textures/M_windows_italian_Emissive.png	1024	1024	DXT1	11	False	1024	Compressed	False	True	Default	13762
Assets/Idyllic Italian Coast Town/Textures/M_windows_italian_MaskMap.png	1024	1024	DXT5	11	False	1024	Compressed	False	True	Default	4491482
Assets/Idyllic Italian Coast Town/Textures/M_windows_italian_Normal.png	1024	1024	DXT5	11	False	1024	Compressed	False	False	NormalMap	2948570
Assets/Samples/XR Interaction Toolkit/3.3.1/Starter Assets/DemoSceneAssets/Sprites/LegibilityMask.png	1424	1424	DXT5	1	False	2048	Compressed	False	True	Sprite	532145
Assets/Samples/XR Interaction Toolkit/3.3.1/Starter Assets/Textures/DefaultMaterial_AO.png	2048	2048	DXT1	12	False	2048	Compressed	False	True	Default	891404
Assets/Samples/XR Interaction Toolkit/3.3.1/XR Device Simulator/UI/Controller/ControllerLeft.png	591	982	RGBA32	1	False	2048	Compressed	False	True	Sprite	25129
Assets/Samples/XR Interaction Toolkit/3.3.1/XR Device Simulator/UI/Controller/ControllerRight.png	591	982	RGBA32	1	False	2048	Compressed	False	True	Sprite	25056
Assets/Shaded Spectrum/Cozy Interiors Demo Pack/Textures/Gingham Kitchen Linen/GinghamKitchenLinenAlbedo.png	1024	1024	DXT1	11	False	1024	Compressed	False	True	Default	9262133
Assets/Shaded Spectrum/Cozy Interiors Demo Pack/Textures/Gingham Kitchen Linen/GinghamKitchenLinenAmbientOcclusionMap.png	1024	1024	DXT1	11	False	1024	Compressed	False	True	Default	3728242
Assets/Shaded Spectrum/Cozy Interiors Demo Pack/Textures/Gingham Kitchen Linen/GinghamKitchenLinenDisplacementMap.png	1024	1024	DXT1	11	False	1024	Compressed	False	True	Default	3644957
Assets/Shaded Spectrum/Cozy Interiors Demo Pack/Textures/Gingham Kitchen Linen/GinghamKitchenLinenNormalMap.png	1024	1024	DXT5	11	False	1024	Compressed	False	False	NormalMap	13090673
Assets/Shaded Spectrum/Cozy Interiors Demo Pack/Textures/Painted Beech Wall Boards/PaintedBeechWallBoardsAlbedo.png	1024	1024	DXT1	11	False	1024	Compressed	False	True	Default	6764177
Assets/Shaded Spectrum/Cozy Interiors Demo Pack/Textures/Painted Beech Wall Boards/PaintedBeechWallBoardsAmbientOcclusionMap.png	1024	1024	DXT1	11	False	1024	Compressed	False	True	Default	3177049
Assets/Shaded Spectrum/Cozy Interiors Demo Pack/Textures/Painted Beech Wall Boards/PaintedBeechWallBoardsDisplacementMap.png	1024	1024	DXT1	11	False	1024	Compressed	False	True	Default	3265356
Assets/Shaded Spectrum/Cozy Interiors Demo Pack/Textures/Painted Beech Wall Boards/PaintedBeechWallBoardsNormalMap.png	1024	1024	DXT5	11	False	1024	Compressed	False	False	NormalMap	12207021
Assets/SubstanceAssets/LittleGamesPack/Textures/GamePieces/GamePieces_Base_color.png	1024	1024	DXT1	11	False	1024	Compressed	False	True	Default	9139813
Assets/SubstanceAssets/LittleGamesPack/Textures/GamePieces/GamePieces_Metallic.png	1024	1024	DXT1	11	False	1024	Compressed	False	True	Default	28403
Assets/SubstanceAssets/LittleGamesPack/Textures/GamePieces/GamePieces_Mixed_AO.png	1024	1024	DXT1	11	False	1024	Compressed	False	True	Default	3364336
Assets/SubstanceAssets/LittleGamesPack/Textures/GamePieces/GamePieces_Normal_OpenGL.png	1024	1024	DXT5	11	False	1024	Compressed	False	False	NormalMap	46705734
Assets/TerrainSampleAssets/Textures/Terrain/Black_Sand_BaseColor.tif	1024	1024	DXT1	11	False	1024	Compressed	False	True	Default	33337120
Assets/TerrainSampleAssets/Textures/Terrain/Black_Sand_MaskMap.tif	1024	1024	DXT5	11	False	1024	Compressed	False	False	Default	35296540
Assets/TerrainSampleAssets/Textures/Terrain/Black_Sand_Normal.tif	1024	1024	DXT5	11	False	1024	CompressedHQ	False	False	NormalMap	35725576
Assets/TerrainSampleAssets/Textures/Terrain/Grass_B_BaseColor.tif	1024	1024	DXT1	11	False	1024	Compressed	False	True	Default	34232048
Assets/TerrainSampleAssets/Textures/Terrain/Grass_B_MaskMap.tif	1024	1024	DXT5	11	False	1024	Compressed	False	False	Default	15253592
Assets/TerrainSampleAssets/Textures/Terrain/Grass_B_Normal.tif	1024	1024	DXT5	11	False	1024	CompressedHQ	False	False	NormalMap	36105608
Assets/TerrainSampleAssets/Textures/Terrain/Grass_Dry_BaseColor.tif	1024	1024	DXT1	11	False	1024	Compressed	False	True	Default	35027440
Assets/TerrainSampleAssets/Textures/Terrain/Grass_Dry_MaskMap.tif	1024	1024	DXT5	11	False	1024	Compressed	False	False	Default	15006184
Assets/TerrainSampleAssets/Textures/Terrain/Grass_Dry_Normal.tif	1024	1024	DXT5	11	False	1024	CompressedHQ	False	False	NormalMap	36044732
Assets/TerrainSampleAssets/Textures/Terrain/Grass_Moss_BaseColor.tif	1024	1024	DXT1	11	False	1024	Compressed	False	True	Default	34198928
Assets/TerrainSampleAssets/Textures/Terrain/Grass_Moss_MaskMap.tif	1024	1024	DXT5	11	False	1024	Compressed	False	False	Default	35519108
Assets/TerrainSampleAssets/Textures/Terrain/Grass_Moss_Normal.tif	1024	1024	DXT5	11	False	1024	CompressedHQ	False	False	NormalMap	36063976
Assets/TerrainSampleAssets/Textures/Terrain/Pebbles_C_BaseColor.tif	1024	1024	DXT1	11	False	1024	Compressed	False	True	Default	33735820
Assets/TerrainSampleAssets/Textures/Terrain/Pebbles_C_MaskMap.tif	1024	1024	DXT5	11	False	1024	Compressed	False	False	Default	13710252
Assets/TerrainSampleAssets/Textures/Terrain/Pebbles_C_Normal.tif	1024	1024	DXT5	11	False	1024	CompressedHQ	False	False	NormalMap	36107892
Assets/TerrainSampleAssets/Textures/Terrain/Sand_BaseColor.tif	1024	1024	DXT1	11	False	1024	Compressed	False	True	Default	10380156
Assets/TerrainSampleAssets/Textures/Terrain/Sand_MaskMap.tif	1024	1024	DXT5	11	False	1024	Compressed	False	False	Default	9257068
Assets/TerrainSampleAssets/Textures/Terrain/Sand_Normal.tif	1024	1024	DXT5	11	False	1024	CompressedHQ	False	False	NormalMap	35255012
Assets/TerrainSampleAssets/Textures/Terrain/Soil_Rocks_BaseColor.tif	1024	1024	DXT1	11	False	1024	Compressed	False	True	Default	34369328
Assets/TerrainSampleAssets/Textures/Terrain/Soil_Rocks_MaskMap.tif	1024	1024	DXT5	11	False	1024	Compressed	False	False	Default	36039052
Assets/TerrainSampleAssets/Textures/Terrain/Soil_Rocks_Normal.tif	1024	1024	DXT5	11	False	1024	CompressedHQ	False	False	NormalMap	35677264
Assets/danthaigames/DS 80s Television/Textures/TV.png	1024	1024	DXT1	11	False	1024	Compressed	False	True	Default	1247417
Assets/danthaigames/DS 80s Television/Textures/TVHandlesSurround.png	1024	1024	DXT1	11	False	1024	Compressed	False	True	Default	407694
Assets/danthaigames/DS 80s Television/Textures/TVScreen.png	1024	1024	DXT1	11	False	1024	Compressed	False	True	Default	164904
Assets/picture-frame/textures/pictureframe.png	1024	1024	DXT1	11	False	1024	Compressed	False	True	Default	1692975
