Asset path,Asset type,Source file size,Source file size human,Estimated packed/build size,Referencing scene/prefab/component/script/Resources,Also present in StreamingAssets,Recommended action,Risk level
webgl/index.html,WebGL output,5647,5.5 KB,5647,Built output,No,Inspect source asset if large,Audit only
webgl/.DS_Store,WebGL output,6148,6.0 KB,6148,Built output,No,Inspect source asset if large,Audit only
webgl/TemplateData/MemoryProfiler.png,WebGL output,665,665 B,665,Built output,No,Inspect source asset if large,Audit only
webgl/TemplateData/fullscreen-button.png,WebGL output,175,175 B,175,Built output,No,Inspect source asset if large,Audit only
webgl/TemplateData/unity-logo-dark.png,WebGL output,3042,3.0 KB,3042,Built output,No,Inspect source asset if large,Audit only
webgl/TemplateData/favicon.ico,WebGL output,2305,2.3 KB,2305,Built output,No,Inspect source asset if large,Audit only
webgl/TemplateData/webmemd-icon.png,WebGL output,1670,1.6 KB,1670,Built output,No,Inspect source asset if large,Audit only
webgl/TemplateData/progress-bar-empty-light.png,WebGL output,109,109 B,109,Built output,No,Inspect source asset if large,Audit only
webgl/TemplateData/style.css,WebGL output,1448,1.4 KB,1448,Built output,No,Inspect source asset if large,Audit only
webgl/TemplateData/unity-logo-title-footer.png,WebGL output,1151,1.1 KB,1151,Built output,No,Inspect source asset if large,Audit only
webgl/TemplateData/progress-bar-full-dark.png,WebGL output,74,74 B,74,Built output,No,Inspect source asset if large,Audit only
webgl/TemplateData/progress-bar-full-light.png,WebGL output,84,84 B,84,Built output,No,Inspect source asset if large,Audit only
webgl/TemplateData/progress-bar-empty-dark.png,WebGL output,96,96 B,96,Built output,No,Inspect source asset if large,Audit only
webgl/TemplateData/unity-logo-light.png,WebGL output,3077,3.0 KB,3077,Built output,No,Inspect source asset if large,Audit only
webgl/StreamingAssets/in_my_sisters_room_xr.mp4,WebGL output,78793971,75.1 MB,78793971,Built output,Yes,Inspect source asset if large,Audit only
webgl/StreamingAssets/you don't know about style my darling_720p.mp4,WebGL output,14920335,14.2 MB,14920335,Built output,Yes,Inspect source asset if large,Audit only
webgl/StreamingAssets/subjected_to_recognition_720p.mp4,WebGL output,230720,225.3 KB,230720,Built output,Yes,Inspect source asset if large,Audit only
webgl/StreamingAssets/such lovely gravy_720p.mp4,WebGL output,7518495,7.2 MB,7518495,Built output,Yes,Inspect source asset if large,Audit only
webgl/StreamingAssets/Linda_Leaks_CHOF_720p.mp4,WebGL output,34127159,32.5 MB,34127159,Built output,Yes,Inspect source asset if large,Audit only
webgl/StreamingAssets/and that is the truth - you know what I'm meaning_720p.mp4,WebGL output,124790760,119.0 MB,124790760,Built output,Yes,Inspect source asset if large,Audit only
webgl/Build/webgl.framework.js.br,WebGL output,87493,85.4 KB,87493,Built output,No,Inspect source asset if large,Audit only
webgl/Build/webgl.data.br,WebGL output,900436076,858.7 MB,900436076,Built output,No,Inspect source asset if large,Audit only
webgl/Build/webgl.wasm.br,WebGL output,13170620,12.6 MB,13170620,Built output,No,Inspect source asset if large,Audit only
webgl/Build/webgl.loader.js,WebGL output,26982,26.3 KB,26982,Built output,No,Inspect source asset if large,Audit only
Assets/BCaT_assets/Ri/and that is the truth - you know what I'm meaning_720p.mp4,Video,124790760,119.0 MB,Unavailable: buildreport missing,Assets/BH_XR_MainScene.unity; Assets/_Recovery/0 (17).unity; Assets/_Recovery/0 (18).unity; Assets/_Recovery/0 (21).unity; Assets/_Recovery/0 (22).unity; Assets/_Recovery/0 (23).unity; Assets/_Recovery/0 (24).unity,No,P0/P1 inspect,High
Assets/StreamingAssets/and that is the truth - you know what I'm meaning_720p.mp4,Video,124790760,119.0 MB,Unavailable: buildreport missing,Assets/BH_XR_MainScene.unity; Assets/_Recovery/0 (18).unity; Assets/_Recovery/0 (21).unity; Assets/_Recovery/0 (22).unity; Assets/_Recovery/0 (23).unity; Assets/_Recovery/0 (24).unity; StreamingAssets raw copy,Yes,P0/P1 inspect,High
Assets/BCaT_assets/9night/9night-soundscape.wav,Audio,99988554,95.4 MB,Unavailable: buildreport missing,Assets/BH_XR_MainScene.unity; Assets/_Recovery/0 (1).unity; Assets/_Recovery/0 (10).unity; Assets/_Recovery/0 (11).unity; Assets/_Recovery/0 (13).unity; Assets/_Recovery/0 (14).unity; Assets/_Recovery/0 (15).unity; Assets/_Recovery/0 (16).unity; Assets/_Recovery/0 (17).unity; Assets/_Recovery/0 (18).unity; Assets/_Recovery/0 (2).unity; Assets/_Recovery/0 (21).unity; Assets/_Recovery/0 (22).unity; Assets/_Recovery/0 (23).unity; Assets/_Recovery/0 (3).unity; Assets/_Recovery/0 (5).unity; Assets/_Recovery/0 (6).unity; Assets/_Recovery/0 (7).unity; Assets/_Recovery/0 (8).unity; Assets/_Recovery/0 (9).unity,No,P0/P1 inspect,High
Assets/StreamingAssets/in_my_sisters_room_xr.mp4,Video,78793971,75.1 MB,Unavailable: buildreport missing,Assets/BH_XR_MainScene.unity; Assets/Scripts/QuiltVideoPopUp.cs; Assets/_Recovery/0 (1).unity; Assets/_Recovery/0 (10).unity; Assets/_Recovery/0 (11).unity; Assets/_Recovery/0 (13).unity; Assets/_Recovery/0 (14).unity; Assets/_Recovery/0 (15).unity; Assets/_Recovery/0 (16).unity; Assets/_Recovery/0 (17).unity; Assets/_Recovery/0 (18).unity; Assets/_Recovery/0 (2).unity; Assets/_Recovery/0 (21).unity; Assets/_Recovery/0 (22).unity; Assets/_Recovery/0 (23).unity; Assets/_Recovery/0 (24).unity; Assets/_Recovery/0 (3).unity; Assets/_Recovery/0 (5).unity; Assets/_Recovery/0 (6).unity; Assets/_Recovery/0 (7).unity,Yes,P0/P1 inspect,High
Assets/BCaT/Exhibits/BlackKitchen/Models/Reference/point_cloud_scan_REFERENCE_ONLY_DO_NOT_BUILD.ply,Unity/Other,76945833,73.4 MB,Unavailable: buildreport missing,,No,P0/P1 inspect,Unknown
Assets/SubstanceAssets/LittleGamesPack/Textures/ChessPieces/ChessPieces_Normal_OpenGL.png,Texture,69681270,66.5 MB,Unavailable: buildreport missing,Assets/SubstanceAssets/LittleGamesPack/Materials/ChessPieces.mat,No,P0/P1 inspect,High
Assets/BCaT_assets/LindaLeaks/Linda_Leaks_CHOF_720p_audio.wav,Audio,55976110,53.4 MB,Unavailable: buildreport missing,Assets/BCaT_assets/LindaLeaks/Prefabs/LindaLeaks_Exhibit_VintageCamera.prefab,No,P0/P1 inspect,High
Assets/DevDen Arch Viz Scotland/Scenes/ArchViz/ReflectionProbe-3.exr,Texture,49748560,47.4 MB,Unavailable: buildreport missing,,No,P0/P1 inspect,Unknown
Assets/SubstanceAssets/LittleGamesPack/Textures/GamePieces/GamePieces_Normal_OpenGL.png,Texture,46705734,44.5 MB,Unavailable: buildreport missing,Assets/SubstanceAssets/LittleGamesPack/Materials/GamePieces.mat,No,P0/P1 inspect,High
Assets/DevDen Arch Viz Scotland/HDRI/HDRI.png,Texture,44743385,42.7 MB,Unavailable: buildreport missing,Assets/DevDen Arch Viz Scotland/HDRI/Sky.mat,No,P0/P1 inspect,High
Assets/DevDen Arch Viz Scotland/Models/Study Room/books.FBX,Model/Mesh,39768560,37.9 MB,Unavailable: buildreport missing,Assets/DevDen Arch Viz Scotland/Prefabs/Study Room/BookShelf.prefab; Assets/DevDen Arch Viz Scotland/Scenes/ArchViz.unity,No,P0/P1 inspect,High
Assets/My_Custom/japanese_red_bridge.glb,Model/Mesh,36773456,35.1 MB,Unavailable: buildreport missing,Assets/BH_XR_MainScene.unity; Assets/_Recovery/0 (1).unity; Assets/_Recovery/0 (10).unity; Assets/_Recovery/0 (11).unity; Assets/_Recovery/0 (13).unity; Assets/_Recovery/0 (14).unity; Assets/_Recovery/0 (15).unity; Assets/_Recovery/0 (16).unity; Assets/_Recovery/0 (17).unity; Assets/_Recovery/0 (18).unity; Assets/_Recovery/0 (2).unity; Assets/_Recovery/0 (21).unity; Assets/_Recovery/0 (22).unity; Assets/_Recovery/0 (23).unity; Assets/_Recovery/0 (3).unity; Assets/_Recovery/0 (5).unity; Assets/_Recovery/0 (6).unity; Assets/_Recovery/0 (7).unity; Assets/_Recovery/0 (8).unity; Assets/_Recovery/0 (9).unity,No,P0/P1 inspect,High
Assets/BCaT_assets/SewingRoom/sewing-sounds.wav,Audio,36757578,35.1 MB,Unavailable: buildreport missing,Assets/BH_XR_MainScene.unity; Assets/_Recovery/0 (1).unity; Assets/_Recovery/0 (10).unity; Assets/_Recovery/0 (11).unity; Assets/_Recovery/0 (13).unity; Assets/_Recovery/0 (14).unity; Assets/_Recovery/0 (15).unity; Assets/_Recovery/0 (16).unity; Assets/_Recovery/0 (17).unity; Assets/_Recovery/0 (18).unity; Assets/_Recovery/0 (2).unity; Assets/_Recovery/0 (21).unity; Assets/_Recovery/0 (22).unity; Assets/_Recovery/0 (23).unity; Assets/_Recovery/0 (3).unity; Assets/_Recovery/0 (5).unity; Assets/_Recovery/0 (6).unity; Assets/_Recovery/0 (7).unity; Assets/_Recovery/0 (8).unity; Assets/_Recovery/0 (9).unity,No,P0/P1 inspect,High
Assets/BCaT_assets/SewingRoom/in_my_sisters_room_audio.wav,Audio,36634702,34.9 MB,Unavailable: buildreport missing,Assets/BH_XR_MainScene.unity; Assets/_Recovery/0 (1).unity; Assets/_Recovery/0 (10).unity; Assets/_Recovery/0 (11).unity; Assets/_Recovery/0 (13).unity; Assets/_Recovery/0 (14).unity; Assets/_Recovery/0 (15).unity; Assets/_Recovery/0 (16).unity; Assets/_Recovery/0 (17).unity; Assets/_Recovery/0 (18).unity; Assets/_Recovery/0 (2).unity; Assets/_Recovery/0 (21).unity; Assets/_Recovery/0 (22).unity; Assets/_Recovery/0 (23).unity; Assets/_Recovery/0 (3).unity; Assets/_Recovery/0 (5).unity; Assets/_Recovery/0 (6).unity; Assets/_Recovery/0 (7).unity; Assets/_Recovery/0 (8).unity; Assets/_Recovery/0 (9).unity,No,P0/P1 inspect,High
Assets/TerrainSampleAssets/Textures/Terrain/Heather_Normal.tif,Texture,36128884,34.5 MB,Unavailable: buildreport missing,,No,P0/P1 inspect,Unknown
Assets/TerrainSampleAssets/Textures/Terrain/Pebbles_C_Normal.tif,Texture,36107892,34.4 MB,Unavailable: buildreport missing,,No,P0/P1 inspect,Unknown
Assets/TerrainSampleAssets/Textures/Terrain/Grass_B_Normal.tif,Texture,36105608,34.4 MB,Unavailable: buildreport missing,,No,P0/P1 inspect,Unknown
Assets/TerrainSampleAssets/Textures/Terrain/Grass_A_Normal.tif,Texture,36089180,34.4 MB,Unavailable: buildreport missing,,No,P0/P1 inspect,Unknown
Assets/TerrainSampleAssets/Textures/Terrain/Grass_Moss_Normal.tif,Texture,36063976,34.4 MB,Unavailable: buildreport missing,,No,P0/P1 inspect,Unknown
Assets/TerrainSampleAssets/Textures/Terrain/Grass_Dry_Normal.tif,Texture,36044732,34.4 MB,Unavailable: buildreport missing,,No,P0/P1 inspect,Unknown
Assets/TerrainSampleAssets/Textures/Terrain/Soil_Rocks_MaskMap.tif,Texture,36039052,34.4 MB,Unavailable: buildreport missing,,No,P0/P1 inspect,Unknown
Assets/TerrainSampleAssets/Textures/Terrain/Grass_Soil_Normal.tif,Texture,35994420,34.3 MB,Unavailable: buildreport missing,,No,P0/P1 inspect,Unknown
Assets/TerrainSampleAssets/Textures/Terrain/Muddy_Normal.tif,Texture,35888960,34.2 MB,Unavailable: buildreport missing,,No,P0/P1 inspect,Unknown
Assets/TerrainSampleAssets/Textures/Terrain/Pebbles_A_Normal.tif,Texture,35828800,34.2 MB,Unavailable: buildreport missing,,No,P0/P1 inspect,Unknown
Assets/TerrainSampleAssets/Textures/Terrain/Black_Sand_Normal.tif,Texture,35725576,34.1 MB,Unavailable: buildreport missing,,No,P0/P1 inspect,Unknown
Assets/TerrainSampleAssets/Textures/Terrain/Soil_Rocks_Normal.tif,Texture,35677264,34.0 MB,Unavailable: buildreport missing,,No,P0/P1 inspect,Unknown
Assets/TerrainSampleAssets/Textures/Terrain/Grass_Moss_MaskMap.tif,Texture,35519108,33.9 MB,Unavailable: buildreport missing,,No,P0/P1 inspect,Unknown
Assets/TerrainSampleAssets/Textures/Terrain/Black_Sand_MaskMap.tif,Texture,35296540,33.7 MB,Unavailable: buildreport missing,,No,P0/P1 inspect,Unknown
Assets/TerrainSampleAssets/Textures/Terrain/Pebbles_B_Normal.tif,Texture,35279552,33.6 MB,Unavailable: buildreport missing,,No,P0/P1 inspect,Unknown
Assets/TerrainSampleAssets/Textures/Terrain/Sand_Normal.tif,Texture,35255012,33.6 MB,Unavailable: buildreport missing,,No,P0/P1 inspect,Unknown
Assets/TerrainSampleAssets/Textures/Terrain/Heather_BaseColor.tif,Texture,35233308,33.6 MB,Unavailable: buildreport missing,,No,P0/P1 inspect,Unknown
Assets/TerrainSampleAssets/Textures/Terrain/Tidal_Pools_Normal.tif,Texture,35033448,33.4 MB,Unavailable: buildreport missing,,No,P0/P1 inspect,Unknown
Assets/TerrainSampleAssets/Textures/Terrain/Grass_Dry_BaseColor.tif,Texture,35027440,33.4 MB,Unavailable: buildreport missing,,No,P0/P1 inspect,Unknown
Assets/TerrainSampleAssets/Textures/Terrain/Rock_Normal.tif,Texture,34933620,33.3 MB,Unavailable: buildreport missing,,No,P0/P1 inspect,Unknown
Assets/TerrainSampleAssets/Textures/Terrain/Rock_MaskMap.tif,Texture,34865184,33.3 MB,Unavailable: buildreport missing,,No,P0/P1 inspect,Unknown
Assets/TerrainSampleAssets/Textures/Terrain/Snow_Normal.tif,Texture,34687396,33.1 MB,Unavailable: buildreport missing,,No,P0/P1 inspect,Unknown
Assets/BCaT/Exhibits/BlackKitchen/Models/BlackKitchen_ScannedEnvironment.glb,Model/Mesh,34495692,32.9 MB,Unavailable: buildreport missing,Assets/BCaT/Exhibits/BlackKitchen/Scenes/BlackKitchen_MemoryScene.unity,No,P0/P1 inspect,High
Assets/TerrainSampleAssets/Textures/Terrain/Soil_Rocks_BaseColor.tif,Texture,34369328,32.8 MB,Unavailable: buildreport missing,,No,P0/P1 inspect,Unknown
Assets/TerrainSampleAssets/Textures/Terrain/Grass_B_BaseColor.tif,Texture,34232048,32.6 MB,Unavailable: buildreport missing,,No,P0/P1 inspect,Unknown
Assets/TerrainSampleAssets/Textures/Terrain/Grass_Moss_BaseColor.tif,Texture,34198928,32.6 MB,Unavailable: buildreport missing,,No,P0/P1 inspect,Unknown
Assets/TerrainSampleAssets/Textures/Terrain/Rock_BaseColor.tif,Texture,34189544,32.6 MB,Unavailable: buildreport missing,,No,P0/P1 inspect,Unknown
Assets/TerrainSampleAssets/Textures/Terrain/Grass_A_BaseColor.tif,Texture,34136344,32.6 MB,Unavailable: buildreport missing,,No,P0/P1 inspect,Unknown
Assets/BCaT_assets/LindaLeaks/Linda_Leaks_CHOF_720p.mp4,Video,34127159,32.5 MB,Unavailable: buildreport missing,Assets/BCaT_assets/LindaLeaks/Prefabs/LindaLeaks_Exhibit_VintageCamera.prefab; Assets/BCaT_assets/LindaLeaks/Scripts/Editor/LindaLeaksPhase2Builder.cs; Assets/_Recovery/0 (24).unity,No,P0/P1 inspect,High
Assets/StreamingAssets/Linda_Leaks_CHOF_720p.mp4,Video,34127159,32.5 MB,Unavailable: buildreport missing,Assets/BCaT_assets/LindaLeaks/Prefabs/LindaLeaks_Exhibit_VintageCamera.prefab; Assets/BCaT_assets/LindaLeaks/Scripts/Editor/LindaLeaksPhase2Builder.cs; Assets/_Recovery/0 (24).unity; StreamingAssets raw copy,Yes,P0/P1 inspect,High
Assets/TerrainSampleAssets/Textures/Terrain/Pebbles_C_BaseColor.tif,Texture,33735820,32.2 MB,Unavailable: buildreport missing,,No,P0/P1 inspect,Unknown
Assets/TerrainSampleAssets/Textures/Terrain/Muddy_BaseColor.tif,Texture,33725212,32.2 MB,Unavailable: buildreport missing,,No,P0/P1 inspect,Unknown
Assets/TerrainSampleAssets/Textures/Heightmaps/Ridge05_Heightmap.tif,Texture,33577404,32.0 MB,Unavailable: buildreport missing,,No,P0/P1 inspect,Unknown
Assets/TerrainSampleAssets/Textures/Heightmaps/Ridge06_Heightmap.tif,Texture,33574684,32.0 MB,Unavailable: buildreport missing,,No,P0/P1 inspect,Unknown
Assets/TerrainSampleAssets/Textures/Heightmaps/Errosion02_Heightmap.tif,Texture,33573800,32.0 MB,Unavailable: buildreport missing,,No,P0/P1 inspect,Unknown
Assets/TerrainSampleAssets/Textures/Heightmaps/Hills01_Heightmap.tiff,Texture,33554858,32.0 MB,Unavailable: buildreport missing,,No,P0/P1 inspect,Unknown
Assets/TerrainSampleAssets/Textures/Heightmaps/Hills02_Heightmap.tiff,Texture,33554858,32.0 MB,Unavailable: buildreport missing,,No,P0/P1 inspect,Unknown
Assets/TerrainSampleAssets/Textures/Heightmaps/Mountain10_Heightmap.tiff,Texture,33554858,32.0 MB,Unavailable: buildreport missing,,No,P0/P1 inspect,Unknown
Assets/TerrainSampleAssets/Textures/Heightmaps/Slope04_Heightmap.tiff,Texture,33554858,32.0 MB,Unavailable: buildreport missing,,No,P0/P1 inspect,Unknown
Assets/TerrainSampleAssets/Textures/Heightmaps/Slope03_Heightmap.tiff,Texture,33554858,32.0 MB,Unavailable: buildreport missing,,No,P0/P1 inspect,Unknown
Assets/TerrainSampleAssets/Textures/Heightmaps/Slope02_Heightmap.tiff,Texture,33554858,32.0 MB,Unavailable: buildreport missing,,No,P0/P1 inspect,Unknown
Assets/TerrainSampleAssets/Textures/Heightmaps/Mountain11_Heightmap.tiff,Texture,33554858,32.0 MB,Unavailable: buildreport missing,,No,P0/P1 inspect,Unknown
Assets/TerrainSampleAssets/Textures/Heightmaps/Mountain09_Heightmap.tiff,Texture,33554858,32.0 MB,Unavailable: buildreport missing,,No,P0/P1 inspect,Unknown
Assets/TerrainSampleAssets/Textures/Heightmaps/Slope01_Heightmap.tiff,Texture,33554858,32.0 MB,Unavailable: buildreport missing,,No,P0/P1 inspect,Unknown
Assets/TerrainSampleAssets/Textures/Terrain/Grass_Soil_BaseColor.tif,Texture,33421736,31.9 MB,Unavailable: buildreport missing,,No,P0/P1 inspect,Unknown
Assets/TerrainSampleAssets/Textures/Terrain/Black_Sand_BaseColor.tif,Texture,33337120,31.8 MB,Unavailable: buildreport missing,,No,P0/P1 inspect,Unknown
Assets/TerrainSampleAssets/Textures/Terrain/Pebbles_A_BaseColor.tif,Texture,32999956,31.5 MB,Unavailable: buildreport missing,,No,P0/P1 inspect,Unknown
Assets/TerrainSampleAssets/Textures/Terrain/Pebbles_B_BaseColor.tif,Texture,32092168,30.6 MB,Unavailable: buildreport missing,,No,P0/P1 inspect,Unknown
Assets/TerrainSampleAssets/Textures/Terrain/Tidal_Pools_BaseColor.tif,Texture,31929948,30.5 MB,Unavailable: buildreport missing,,No,P0/P1 inspect,Unknown
Assets/BCaT_assets/BTMMP_Workstation_Assembly/metal_table_asset.glb,Model/Mesh,29600972,28.2 MB,Unavailable: buildreport missing,Assets/BH_XR_MainScene.unity; Assets/_Recovery/0 (1).unity; Assets/_Recovery/0 (10).unity; Assets/_Recovery/0 (11).unity; Assets/_Recovery/0 (13).unity; Assets/_Recovery/0 (14).unity; Assets/_Recovery/0 (15).unity; Assets/_Recovery/0 (16).unity; Assets/_Recovery/0 (17).unity; Assets/_Recovery/0 (18).unity; Assets/_Recovery/0 (2).unity; Assets/_Recovery/0 (21).unity; Assets/_Recovery/0 (22).unity; Assets/_Recovery/0 (23).unity; Assets/_Recovery/0 (3).unity; Assets/_Recovery/0 (5).unity; Assets/_Recovery/0 (6).unity; Assets/_Recovery/0 (7).unity; Assets/_Recovery/0 (8).unity; Assets/_Recovery/0 (9).unity,No,P0/P1 inspect,High
Assets/TerrainSampleAssets/Textures/Terrain/Snow_BaseColor.tif,Texture,29474316,28.1 MB,Unavailable: buildreport missing,,No,P0/P1 inspect,Unknown
Assets/My_Custom/rug.glb,Model/Mesh,29117224,27.8 MB,Unavailable: buildreport missing,Assets/_Recovery/0 (1).unity; Assets/_Recovery/0 (10).unity; Assets/_Recovery/0 (11).unity; Assets/_Recovery/0 (13).unity; Assets/_Recovery/0 (2).unity; Assets/_Recovery/0 (3).unity; Assets/_Recovery/0 (5).unity; Assets/_Recovery/0 (6).unity; Assets/_Recovery/0 (7).unity; Assets/_Recovery/0 (8).unity; Assets/_Recovery/0 (9).unity; Assets/_Recovery/0.unity,No,P0/P1 inspect,High
Assets/RealBlend/Art/Materials/Textures/rough_plaster_brick_04_diff_2k.png,Texture,26399365,25.2 MB,Unavailable: buildreport missing,Assets/RealBlend/Art/Materials/BuiltIn/VariationExampleBuilt-In.mat; Assets/RealBlend/Art/Materials/HDRP/5BlendExample.mat; Assets/RealBlend/Art/Materials/HDRP/VariationExample.mat; Assets/RealBlend/Art/Materials/HDRP/VariationExample_ExperimentalSPOM.mat; Assets/RealBlend/Art/Materials/URP/VariationExampleURP.mat,No,P0/P1 inspect,High
Assets/TerrainSampleAssets/Textures/Heightmaps/Volcano02_Heightmap.tif,Texture,26231012,25.0 MB,Unavailable: buildreport missing,,No,P0/P1 inspect,Unknown
Assets/TerrainSampleAssets/Textures/Heightmaps/Volcano01_Heightmap.tif,Texture,25188260,24.0 MB,Unavailable: buildreport missing,,No,P0/P1 inspect,Unknown
Assets/DevDen Arch Viz Scotland/Models/Bathroom/2.fbx,Model/Mesh,24828010,23.7 MB,Unavailable: buildreport missing,Assets/DevDen Arch Viz Scotland/Prefabs/Bathroom/Towel Holder.prefab; Assets/DevDen Arch Viz Scotland/Scenes/ArchViz.unity,No,P0/P1 inspect,High
Assets/RealBlend/Art/Materials/Textures/Moss002_2K-PNG_NormalGL.png,Texture,24636888,23.5 MB,Unavailable: buildreport missing,Assets/RealBlend/Art/Materials/HDRP/5BlendExample.mat,No,P0/P1 inspect,High
Assets/TerrainSampleAssets/Textures/Terrain/Grass_A_MaskMap.tif,Texture,23264240,22.2 MB,Unavailable: buildreport missing,,No,P0/P1 inspect,Unknown
Assets/BCaT_assets/SewingRoom/bed.glb,Model/Mesh,21972076,21.0 MB,Unavailable: buildreport missing,Assets/BH_XR_MainScene.unity; Assets/_Recovery/0 (1).unity; Assets/_Recovery/0 (10).unity; Assets/_Recovery/0 (11).unity; Assets/_Recovery/0 (13).unity; Assets/_Recovery/0 (14).unity; Assets/_Recovery/0 (15).unity; Assets/_Recovery/0 (16).unity; Assets/_Recovery/0 (17).unity; Assets/_Recovery/0 (18).unity; Assets/_Recovery/0 (2).unity; Assets/_Recovery/0 (21).unity; Assets/_Recovery/0 (22).unity; Assets/_Recovery/0 (23).unity; Assets/_Recovery/0 (3).unity; Assets/_Recovery/0 (5).unity; Assets/_Recovery/0 (6).unity; Assets/_Recovery/0 (7).unity; Assets/_Recovery/0 (8).unity; Assets/_Recovery/0 (9).unity,No,P0/P1 inspect,High
Assets/RealBlend/Art/Materials/Textures/concrete_moss_diff_2k.png,Texture,21166815,20.2 MB,Unavailable: buildreport missing,Assets/RealBlend/Art/Materials/HDRP/5BlendExample.mat,No,P0/P1 inspect,High
Assets/My_Custom/modern_scandinavian_kitchen_island.glb,Model/Mesh,20094320,19.2 MB,Unavailable: buildreport missing,Assets/BH_XR_MainScene.unity; Assets/_Recovery/0 (1).unity; Assets/_Recovery/0 (10).unity; Assets/_Recovery/0 (11).unity; Assets/_Recovery/0 (13).unity; Assets/_Recovery/0 (14).unity; Assets/_Recovery/0 (15).unity; Assets/_Recovery/0 (16).unity; Assets/_Recovery/0 (17).unity; Assets/_Recovery/0 (18).unity; Assets/_Recovery/0 (2).unity; Assets/_Recovery/0 (21).unity; Assets/_Recovery/0 (22).unity; Assets/_Recovery/0 (23).unity; Assets/_Recovery/0 (3).unity; Assets/_Recovery/0 (5).unity; Assets/_Recovery/0 (6).unity; Assets/_Recovery/0 (7).unity; Assets/_Recovery/0 (8).unity; Assets/_Recovery/0 (9).unity,No,Review,High
Assets/DevDen Arch Viz Scotland/Scenes/ArchViz/ReflectionProbe-8.exr,Texture,18705070,17.8 MB,Unavailable: buildreport missing,,No,Review,Unknown
Assets/BCaT_assets/Ri/and that is the truth - you know what I'm meaning.mp3,Audio,17999572,17.2 MB,Unavailable: buildreport missing,Assets/BH_XR_MainScene.unity; Assets/_Recovery/0 (17).unity; Assets/_Recovery/0 (18).unity; Assets/_Recovery/0 (21).unity; Assets/_Recovery/0 (22).unity; Assets/_Recovery/0 (23).unity,No,Review,High
Assets/SubstanceAssets/LittleGamesPack/Textures/ChessPieces/ChessPieces_Base_color.png,Texture,17751521,16.9 MB,Unavailable: buildreport missing,Assets/SubstanceAssets/LittleGamesPack/Materials/ChessPieces.mat,No,Review,High
Assets/BCaT_assets/BTMMP_Workstation_Assembly/flowerbarrel_with_tulips.glb,Model/Mesh,17575828,16.8 MB,Unavailable: buildreport missing,Assets/BH_XR_MainScene.unity; Assets/_Recovery/0 (1).unity; Assets/_Recovery/0 (10).unity; Assets/_Recovery/0 (11).unity; Assets/_Recovery/0 (13).unity; Assets/_Recovery/0 (14).unity; Assets/_Recovery/0 (15).unity; Assets/_Recovery/0 (16).unity; Assets/_Recovery/0 (17).unity; Assets/_Recovery/0 (18).unity; Assets/_Recovery/0 (2).unity; Assets/_Recovery/0 (21).unity; Assets/_Recovery/0 (22).unity; Assets/_Recovery/0 (23).unity; Assets/_Recovery/0 (3).unity; Assets/_Recovery/0 (5).unity; Assets/_Recovery/0 (6).unity; Assets/_Recovery/0 (7).unity; Assets/_Recovery/0 (8).unity; Assets/_Recovery/0 (9).unity,No,Review,High
Assets/DevDen Arch Viz Scotland/Scenes/ArchViz/ReflectionProbe-5.exr,Texture,16824063,16.0 MB,Unavailable: buildreport missing,,No,Review,Unknown
Assets/SubstanceAssets/LittleGamesPack/Textures/CardsAndTables/CardsAndTables_Normal_OpenGL.png,Texture,16669029,15.9 MB,Unavailable: buildreport missing,Assets/SubstanceAssets/LittleGamesPack/Materials/CardsAndTables.mat,No,Review,High
Assets/BCaT_assets/BTMMP_Workstation_Assembly/drone.glb,Model/Mesh,16633652,15.9 MB,Unavailable: buildreport missing,Assets/BH_XR_MainScene.unity; Assets/_Recovery/0 (1).unity; Assets/_Recovery/0 (10).unity; Assets/_Recovery/0 (11).unity; Assets/_Recovery/0 (13).unity; Assets/_Recovery/0 (14).unity; Assets/_Recovery/0 (15).unity; Assets/_Recovery/0 (16).unity; Assets/_Recovery/0 (17).unity; Assets/_Recovery/0 (18).unity; Assets/_Recovery/0 (2).unity; Assets/_Recovery/0 (21).unity; Assets/_Recovery/0 (22).unity; Assets/_Recovery/0 (23).unity; Assets/_Recovery/0 (3).unity; Assets/_Recovery/0 (5).unity; Assets/_Recovery/0 (6).unity; Assets/_Recovery/0 (7).unity; Assets/_Recovery/0 (8).unity; Assets/_Recovery/0 (9).unity,No,Review,High
Assets/BCaT_assets/Meshell_Sturgis/My Grandma's Garden.png,Texture,16537844,15.8 MB,Unavailable: buildreport missing,Assets/BH_XR_MainScene.unity; Assets/_Recovery/0 (23).unity,No,Review,High
Assets/danthaigames/DS 80s Television/PSDs/TV_Textures.psd,Texture,16315733,15.6 MB,Unavailable: buildreport missing,,No,Review,Unknown
Assets/DevDen Arch Viz Scotland/Scenes/ArchViz/ReflectionProbe-6.exr,Texture,15709972,15.0 MB,Unavailable: buildreport missing,,No,Review,Unknown
Assets/danthaigames/DS 80s Television/PSDs/TVScreen_Textures.psd,Texture,15585486,14.9 MB,Unavailable: buildreport missing,,No,Review,Unknown
Assets/SubstanceAssets/LittleGamesPack/Textures/CardsAndTables/CardsAndTables_Base_color.png,Texture,15515356,14.8 MB,Unavailable: buildreport missing,Assets/SubstanceAssets/LittleGamesPack/Materials/CardsAndTables.mat,No,Review,High
Assets/TerrainSampleAssets/Textures/Terrain/Grass_B_MaskMap.tif,Texture,15253592,14.5 MB,Unavailable: buildreport missing,,No,Review,Unknown
Assets/Coconut Palm Tree Pack/Textures/Coconut_Palm_Tree_diffuse.psd,Texture,15023852,14.3 MB,Unavailable: buildreport missing,Assets/Coconut Palm Tree Pack/Materials/Coconut_Palm_Tree_AFS.mat; Assets/Coconut Palm Tree Pack/Materials/bark.mat; Assets/Coconut Palm Tree Pack/Materials/leaf.mat,No,Review,High
Assets/TerrainSampleAssets/Textures/Terrain/Grass_Dry_MaskMap.tif,Texture,15006184,14.3 MB,Unavailable: buildreport missing,,No,Review,Unknown
Assets/DevDen Arch Viz Scotland/Scenes/ArchViz/ReflectionProbe-4.exr,Texture,14975272,14.3 MB,Unavailable: buildreport missing,,No,Review,Unknown
Assets/DevDen Arch Viz Scotland/Scenes/ArchViz/ReflectionProbe-1.exr,Texture,14974493,14.3 MB,Unavailable: buildreport missing,,No,Review,Unknown
Assets/BCaT_assets/Ri/you don't know about style my darling_720p.mp4,Video,14920335,14.2 MB,Unavailable: buildreport missing,Assets/BH_XR_MainScene.unity; Assets/_Recovery/0 (17).unity; Assets/_Recovery/0 (18).unity; Assets/_Recovery/0 (21).unity; Assets/_Recovery/0 (22).unity; Assets/_Recovery/0 (23).unity; Assets/_Recovery/0 (24).unity,No,Review,High
Assets/StreamingAssets/you don't know about style my darling_720p.mp4,Video,14920335,14.2 MB,Unavailable: buildreport missing,Assets/BH_XR_MainScene.unity; Assets/_Recovery/0 (17).unity; Assets/_Recovery/0 (18).unity; Assets/_Recovery/0 (21).unity; Assets/_Recovery/0 (22).unity; Assets/_Recovery/0 (23).unity; Assets/_Recovery/0 (24).unity; StreamingAssets raw copy,Yes,Review,High
Assets/TerrainSampleAssets/Textures/Terrain/Heather_MaskMap.tif,Texture,14310964,13.6 MB,Unavailable: buildreport missing,,No,Review,Unknown
Assets/BCaT_assets/BTMMP_Workstation_Assembly/camera-canon-eos-400d/textures/Camara_Low_V2_lambert3_Normal.png,Texture,14076281,13.4 MB,Unavailable: buildreport missing,,No,Review,Unknown
Assets/DevDen Arch Viz Scotland/Scenes/ArchViz/ReflectionProbe-7.exr,Texture,13830688,13.2 MB,Unavailable: buildreport missing,,No,Review,Unknown
Assets/TerrainSampleAssets/Textures/Terrain/Pebbles_C_MaskMap.tif,Texture,13710252,13.1 MB,Unavailable: buildreport missing,,No,Review,Unknown
Assets/Shaded Spectrum/Cozy Interiors Demo Pack/Textures/Oak Ladder Shelf Panels/OakLadderShelfPanelsNormalMap.png,Texture,13546741,12.9 MB,Unavailable: buildreport missing,,No,Review,Unknown
Assets/BCaT_assets/SewingRoom/pillow__quilt.glb,Model/Mesh,13420528,12.8 MB,Unavailable: buildreport missing,Assets/BH_XR_MainScene.unity; Assets/_Recovery/0 (1).unity; Assets/_Recovery/0 (10).unity; Assets/_Recovery/0 (11).unity; Assets/_Recovery/0 (13).unity; Assets/_Recovery/0 (14).unity; Assets/_Recovery/0 (15).unity; Assets/_Recovery/0 (16).unity; Assets/_Recovery/0 (17).unity; Assets/_Recovery/0 (18).unity; Assets/_Recovery/0 (2).unity; Assets/_Recovery/0 (21).unity; Assets/_Recovery/0 (22).unity; Assets/_Recovery/0 (23).unity; Assets/_Recovery/0 (3).unity; Assets/_Recovery/0 (5).unity; Assets/_Recovery/0 (6).unity; Assets/_Recovery/0 (7).unity; Assets/_Recovery/0 (8).unity; Assets/_Recovery/0 (9).unity,No,Review,High
