path,fileBytes,meshAssets,totalVertices,totalTriangles,totalSubMeshes,readWrite,meshCompression,importMaterials,generateColliders,globalScale
"Assets/Animated Tropical Vegetation/DemoSceneContent/background.fbx",11068,1,10,8,1,False,Off,True,False,1
"Assets/Animated Tropical Vegetation/Models/Bamboos/bamboo_1.fbx",752156,5,1211,1107,8,False,Off,True,False,1
"Assets/Animated Tropical Vegetation/Models/Bamboos/bamboo_2.fbx",810476,5,1376,1238,8,False,Off,True,False,1
"Assets/Animated Tropical Vegetation/Models/Bamboos/bamboo_3.fbx",813948,5,1222,1129,8,False,Off,True,False,1
"Assets/Animated Tropical Vegetation/Models/Bamboos/bamboo_4.fbx",834092,5,1477,1333,8,False,Off,True,False,1
"Assets/Animated Tropical Vegetation/Models/Banana Trees/banana_tree_1.fbx",428284,5,577,611,8,False,Off,True,False,1
"Assets/Animated Tropical Vegetation/Models/Banana Trees/banana_tree_2.fbx",693740,5,1509,1385,8,False,Off,True,False,1
"Assets/Animated Tropical Vegetation/Models/Banana Trees/banana_tree_3.fbx",546268,5,1215,1122,8,False,Off,True,False,1
"Assets/Animated Tropical Vegetation/Models/Banana Trees/banana_tree_4.fbx",432508,5,626,675,8,False,Off,True,False,1
"Assets/Animated Tropical Vegetation/Models/Banana Trees/banana_tree_5.fbx",545660,5,1200,1119,8,False,Off,True,False,1
"Assets/Animated Tropical Vegetation/Models/Banana Trees/banana_tree_6.fbx",580508,5,870,797,8,False,Off,True,False,1
"Assets/Animated Tropical Vegetation/Models/Big Palm Tree/big_palm_tree.fbx",929388,5,2015,1676,8,False,Off,True,False,1
"Assets/Animated Tropical Vegetation/Models/Bushy Palms/bushy_palm_1.fbx",644028,4,868,700,4,False,Off,True,False,1
"Assets/Animated Tropical Vegetation/Models/Bushy Palms/bushy_palm_2.fbx",487900,4,2618,2726,4,False,Off,True,False,1
"Assets/Animated Tropical Vegetation/Models/Bushy Palms/bushy_palm_3.fbx",454540,4,2240,2309,4,False,Off,True,False,1
"Assets/Animated Tropical Vegetation/Models/Dead Trees/dead_tree_1.fbx",76252,3,611,800,3,False,Off,True,False,1
"Assets/Animated Tropical Vegetation/Models/Dead Trees/dead_tree_2.fbx",94284,3,863,1118,3,False,Off,True,False,1
"Assets/Animated Tropical Vegetation/Models/Dead Trees/dead_tree_3.fbx",185340,3,1955,2056,6,False,Off,True,False,1
"Assets/Animated Tropical Vegetation/Models/Jungle Bushes/jungle_bush_1.fbx",812972,3,1194,933,3,False,Off,True,False,1
"Assets/Animated Tropical Vegetation/Models/Jungle Bushes/jungle_bush_3.fbx",745740,3,349,276,3,False,Off,True,False,1
"Assets/Animated Tropical Vegetation/Models/Large Palm Trees/large_palm_tree_1.fbx",931308,5,1898,1766,8,False,Off,True,False,1
"Assets/Animated Tropical Vegetation/Models/Large Palm Trees/large_palm_tree_2.fbx",930124,5,1887,1768,8,False,Off,True,False,1
"Assets/Animated Tropical Vegetation/Models/Palm Trees/palm_tree_2.fbx",888444,5,1356,1445,8,False,Off,True,False,1
"Assets/Animated Tropical Vegetation/Models/Small Trees/small_tree_2.fbx",687292,5,912,796,8,False,Off,True,False,1
"Assets/Animated Tropical Vegetation/Models/Small Trees/small_tree_3.fbx",429868,5,1264,1115,8,False,Off,True,False,1
"Assets/Animated Tropical Vegetation/Models/Small Trees/small_tree_4.fbx",401564,5,968,871,8,False,Off,True,False,1
"Assets/Animated Tropical Vegetation/Models/Tropical Plant/tropical_plant.fbx",364332,4,580,721,4,False,Off,True,False,1
"Assets/BCaT_assets/BlackParlors/Assets/picture-frame/source/pictureframe.fbx",2166880,1,184,100,1,False,Off,True,False,1
"Assets/BCaT_assets/BTMMP_Workstation_Assembly/blue-oil-barrel-with-lots-of-spray-paint-streaks/source/oil barrel1hig22low uv.fbx",342364,1,5610,10650,1,False,Off,True,False,1
"Assets/BCaT_assets/BTMMP_Workstation_Assembly/camera-canon-eos-400d/source/Cilindro low-bajo.fbx",292192,4,5216,8543,7,False,Off,True,False,1
"Assets/BCaT_assets/BTMMP_Workstation_Assembly/spray-paint-bottle-2/source/spray_paint_bottle_2.fbx",138476,1,1915,3408,1,False,Off,True,False,1
"Assets/BrokenVector/LowPolyFencePack/Models/Fence Type1 01.dae",8285,1,96,48,1,False,Off,False,True,1
"Assets/BrokenVector/LowPolyFencePack/Models/Fence Type1 02.dae",10311,1,144,72,1,False,Off,False,True,1
"Assets/BrokenVector/LowPolyFencePack/Models/Fence Type1 Door.fbx",56860,1,372,192,1,False,Off,False,True,100
"Assets/BrokenVector/LowPolyFencePack/Models/Fence Type2 01.dae",15324,1,264,132,1,False,Off,False,True,1
"Assets/BrokenVector/LowPolyFencePack/Models/Fence Type2 02.dae",15330,1,264,132,1,False,Off,False,True,1
"Assets/BrokenVector/LowPolyFencePack/Models/Fence Type2 03.dae",18386,1,306,160,1,False,Off,False,True,1
"Assets/BrokenVector/LowPolyFencePack/Models/Fence Type2 Door.fbx",57468,1,540,276,1,False,Off,False,True,100
"Assets/BrokenVector/LowPolyFencePack/Models/Fence Type3 01.dae",15945,1,288,144,1,False,Off,False,True,1
"Assets/BrokenVector/LowPolyFencePack/Models/Fence Type3 02.dae",20109,1,348,184,1,False,Off,False,True,1
"Assets/BrokenVector/LowPolyFencePack/Models/Fence Type3 Door.fbx",57100,1,516,264,1,False,Off,False,True,100
"Assets/BrokenVector/LowPolyFencePack/Models/Fence Type4 Big.dae",27017,1,472,260,1,False,Off,False,True,1
"Assets/BrokenVector/LowPolyFencePack/Models/Fence Type4 Small.dae",25368,1,448,240,1,False,Off,False,True,1
"Assets/BrokenVector/LowPolyFencePack/Models/Fence Type5 Big.dae",27836,1,492,268,1,False,Off,False,True,1
"Assets/BrokenVector/LowPolyFencePack/Models/Fence Type5 Small.dae",19076,1,312,168,1,False,Off,False,True,1
"Assets/BrokenVector/LowPolyFencePack/Models/Fence Type6 Big.dae",23104,1,384,192,1,False,Off,False,True,1
"Assets/BrokenVector/LowPolyFencePack/Models/Fence Type6 Small.dae",20046,1,320,160,1,False,Off,False,True,1
"Assets/danthaigames/DS 80s Television/FBX/TV.fbx",62716,11,1275,854,13,True,Off,True,False,1
"Assets/DevDen Arch Viz Scotland/Models/Balcony/balcony_ chair.fbx",96950,1,629,444,1,True,Off,True,False,1
"Assets/DevDen Arch Viz Scotland/Models/Balcony/balcony_mat.fbx",35141,1,40,66,1,True,Off,True,False,1
"Assets/DevDen Arch Viz Scotland/Models/Balcony/balcony_table.fbx",148356,1,932,704,1,True,Off,True,False,1
"Assets/DevDen Arch Viz Scotland/Models/Balcony/flower_pot_1.fbx",605392,1,19721,17730,4,True,Off,True,False,1
"Assets/DevDen Arch Viz Scotland/Models/Bathroom/2.fbx",24828010,1,23657,24624,2,True,Off,True,False,1
"Assets/DevDen Arch Viz Scotland/Models/Bathroom/bathroom_cabin.fbx",80853,7,412,242,7,True,Off,True,False,1
"Assets/DevDen Arch Viz Scotland/Models/Bathroom/bathroom_shelf.fbx",24224,1,116,70,1,True,Off,True,False,1
"Assets/DevDen Arch Viz Scotland/Models/Bathroom/bathroom_wall.fbx",26000,1,252,126,1,True,Off,True,False,1
"Assets/DevDen Arch Viz Scotland/Models/Bathroom/bathroom_wash.fbx",181649,2,616,468,3,True,Off,True,False,1
"Assets/DevDen Arch Viz Scotland/Models/Bathroom/ceiling lamp.fbx",43904,1,403,510,2,False,Off,True,False,1
"Assets/DevDen Arch Viz Scotland/Models/Bathroom/metaldryer.FBX",185738,1,859,956,1,True,Off,True,False,0.3
"Assets/DevDen Arch Viz Scotland/Models/Bathroom/Mirror02_1.FBX",33872,1,36,26,3,True,Off,True,False,1
"Assets/DevDen Arch Viz Scotland/Models/Bathroom/shower.FBX",435994,1,1007,1056,1,True,Off,True,False,3
"Assets/DevDen Arch Viz Scotland/Models/Bathroom/toilet.FBX",164059,1,410,410,1,True,Off,True,False,2.5
"Assets/DevDen Arch Viz Scotland/Models/Bathroom/toilet_accesories.fbx",3059744,28,80421,75546,28,True,Off,True,False,10
"Assets/DevDen Arch Viz Scotland/Models/Bathroom/tolpaper.FBX",131537,1,364,284,1,True,Off,True,False,0.4
"Assets/DevDen Arch Viz Scotland/Models/Bathroom/washingmachine(front closed).FBX",85391,1,470,410,1,True,Off,True,False,3
"Assets/DevDen Arch Viz Scotland/Models/Bathroom/washingmachine.FBX",164907,2,488,390,2,True,Off,True,False,3
"Assets/DevDen Arch Viz Scotland/Models/Bed Room/bed_1.fbx",260544,4,5192,7560,4,True,Off,True,False,1
"Assets/DevDen Arch Viz Scotland/Models/Bed Room/bedside_lamp1.fbx",55440,1,1450,1260,2,True,Off,True,False,1
"Assets/DevDen Arch Viz Scotland/Models/Bed Room/bedside_table.fbx",45130,1,212,138,1,True,Off,True,False,1
"Assets/DevDen Arch Viz Scotland/Models/Bed Room/bedsider.fbx",152344,1,1440,1188,1,True,Off,True,False,1
"Assets/DevDen Arch Viz Scotland/Models/Bed Room/carpet.fbx",25488,1,88,66,1,True,Off,True,False,1
"Assets/DevDen Arch Viz Scotland/Models/Bed Room/dressing_mirror.fbx",67599,1,365,276,2,True,Off,True,False,1
"Assets/DevDen Arch Viz Scotland/Models/Bed Room/fotostand.fbx",14638,1,24,12,1,True,Off,True,False,1
"Assets/DevDen Arch Viz Scotland/Models/Bed Room/Painting_Photo_B.FBX",23392,1,76,44,1,True,Off,True,False,1
"Assets/DevDen Arch Viz Scotland/Models/Bed Room/Painting_Small_C.FBX",22960,1,66,36,1,True,Off,True,False,1
"Assets/DevDen Arch Viz Scotland/Models/Bed Room/Painting_StandPhoto_A.FBX",24112,1,96,52,1,True,Off,True,False,1
"Assets/DevDen Arch Viz Scotland/Models/Bed Room/Painting_StandPhoto_C.FBX",24576,1,110,60,1,True,Off,True,False,1
"Assets/DevDen Arch Viz Scotland/Models/Bed Room/VaseFloor02_1.FBX",80656,1,622,820,2,True,Off,True,False,1
"Assets/DevDen Arch Viz Scotland/Models/Common/airconditioner.FBX",120579,1,295,284,1,True,Off,True,False,0.7
"Assets/DevDen Arch Viz Scotland/Models/Common/lamp.fbx",92272,1,1414,1556,2,False,Off,True,False,1
"Assets/DevDen Arch Viz Scotland/Models/Common/magazine.FBX",34720,1,544,498,1,True,Off,False,False,1
"Assets/DevDen Arch Viz Scotland/Models/Common/magazine1.FBX",19676,1,36,20,1,True,Off,True,False,1.5
"Assets/DevDen Arch Viz Scotland/Models/Common/notepad.obj",96734,1,911,1188,1,True,Off,True,False,0.01
"Assets/DevDen Arch Viz Scotland/Models/Common/plate_1.fbx",99648,1,1922,3520,1,False,Off,True,False,1
"Assets/DevDen Arch Viz Scotland/Models/Common/socket.FBX",318176,1,1326,770,1,True,Off,True,False,1
"Assets/DevDen Arch Viz Scotland/Models/Common/switch.FBX",65001,1,142,108,1,True,Off,True,False,1
"Assets/DevDen Arch Viz Scotland/Models/Dining Room/Cutlery.obj",164843,5,1693,1668,5,True,Off,True,False,0.01
"Assets/DevDen Arch Viz Scotland/Models/Dining Room/dinning_chair.fbx",1325633,1,2786,3888,2,True,Off,True,False,1
"Assets/DevDen Arch Viz Scotland/Models/Dining Room/dinning_table.fbx",44861,1,208,104,1,True,Off,True,False,1
"Assets/DevDen Arch Viz Scotland/Models/Dining Room/Table_mat.fbx",36800,1,507,744,1,False,Off,True,False,1
"Assets/DevDen Arch Viz Scotland/Models/Dining Room/trash-can.fbx",36780,2,836,798,2,True,Off,True,False,1
"Assets/DevDen Arch Viz Scotland/Models/Environment/archviz.fbx",259296,18,6175,4587,31,False,Off,True,False,1
"Assets/DevDen Arch Viz Scotland/Models/Kitchen Room/chopping-board.fbx",29568,1,363,276,1,True,Off,True,False,1
"Assets/DevDen Arch Viz Scotland/Models/Kitchen Room/coffeemachine.FBX",575639,1,1874,1384,1,True,Off,True,False,1.2
"Assets/DevDen Arch Viz Scotland/Models/Kitchen Room/dish-rack.fbx",42924,1,2208,1104,1,True,Off,True,False,1
"Assets/DevDen Arch Viz Scotland/Models/Kitchen Room/frifge.fbx",34352,1,660,408,3,True,Off,True,False,1
"Assets/DevDen Arch Viz Scotland/Models/Kitchen Room/induction-hob.fbx",14988,1,64,46,1,True,Off,True,False,1
"Assets/DevDen Arch Viz Scotland/Models/Kitchen Room/Kettle.fbx",53008,1,921,864,1,True,Off,True,False,0.75
"Assets/DevDen Arch Viz Scotland/Models/Kitchen Room/kitchen_2.fbx",141968,24,992,604,24,True,Off,True,False,1
"Assets/DevDen Arch Viz Scotland/Models/Kitchen Room/kitchen_bottom.fbx",531328,71,8478,6613,76,True,Off,True,False,1
"Assets/DevDen Arch Viz Scotland/Models/Kitchen Room/kitchen_top.fbx",345824,63,2372,1570,64,True,Off,True,False,1
"Assets/DevDen Arch Viz Scotland/Models/Kitchen Room/kitchen_top_piece.fbx",22624,1,16,8,1,True,Off,True,False,1
"Assets/DevDen Arch Viz Scotland/Models/Kitchen Room/knife-block.fbx",24784,1,76,48,1,True,Off,True,False,1
"Assets/DevDen Arch Viz Scotland/Models/Kitchen Room/knife1.fbx",20892,1,233,256,1,True,Off,True,False,0.6
"Assets/DevDen Arch Viz Scotland/Models/Kitchen Room/knife2.fbx",19724,1,201,216,1,True,Off,True,False,0.6
"Assets/DevDen Arch Viz Scotland/Models/Kitchen Room/mug-tree.fbx",57248,1,1313,1392,1,True,Off,True,False,0.2
"Assets/DevDen Arch Viz Scotland/Models/Kitchen Room/side_piece.fbx",3809312,37,2017,1236,45,True,Off,True,False,1
"Assets/DevDen Arch Viz Scotland/Models/Kitchen Room/TOASTER.obj",83712,1,1077,1072,1,True,Off,True,False,0.01
"Assets/DevDen Arch Viz Scotland/Models/Living Room/chair_5.FBX",106032,1,2238,2808,1,True,Off,False,False,0.01
"Assets/DevDen Arch Viz Scotland/Models/Living Room/laptop.FBX",78849,1,259,200,1,True,Off,True,False,2
"Assets/DevDen Arch Viz Scotland/Models/Living Room/RemoteControl.FBX",96347,1,188,186,1,True,Off,True,False,0.2
"Assets/DevDen Arch Viz Scotland/Models/Living Room/sofa_2.obj",440972,1,4127,4742,1,True,Off,True,False,0.01
"Assets/DevDen Arch Viz Scotland/Models/Living Room/Tea Table.fbx",87049,1,324,252,1,True,Off,True,False,1
"Assets/DevDen Arch Viz Scotland/Models/Living Room/TV.FBX",34848,1,160,140,1,True,Off,False,False,1
"Assets/DevDen Arch Viz Scotland/Models/Living Room/TV_Panels.FBX",33488,1,52,32,1,True,Off,False,False,1
"Assets/DevDen Arch Viz Scotland/Models/Living Room/TV_Shelf.FBX",38816,1,272,188,1,True,Off,False,False,1
"Assets/DevDen Arch Viz Scotland/Models/Living Room/window.fbx",58848,6,724,524,6,True,Off,True,False,1
"Assets/DevDen Arch Viz Scotland/Models/Study Room/books.FBX",39768560,10,1040,740,10,True,Off,True,False,1
"Assets/DevDen Arch Viz Scotland/Models/Study Room/CHair2.fbx",4769290,1,3739,4680,2,True,Off,True,False,1
"Assets/DevDen Arch Viz Scotland/Models/Study Room/Imac.fbx",45920,1,736,708,1,True,Off,True,False,1
"Assets/DevDen Arch Viz Scotland/Models/Study Room/LightTable06_1.FBX",203440,1,1927,1588,3,True,Off,True,False,1
"Assets/DevDen Arch Viz Scotland/Models/Study Room/Pen.FBX",151056,8,2759,2024,8,True,Off,True,False,1
"Assets/DevDen Arch Viz Scotland/Models/Study Room/Picture01_3.FBX",32432,1,60,30,2,True,Off,True,False,1
"Assets/DevDen Arch Viz Scotland/Models/Study Room/Rug_Square_3.obj",3100,1,40,24,1,True,Off,True,False,0.01
"Assets/DevDen Arch Viz Scotland/Models/Study Room/shelf.fbx",52303,1,456,380,1,True,Off,True,False,1
"Assets/DevDen Arch Viz Scotland/Models/Study Room/table.fbx",32608,1,299,204,1,True,Off,True,False,1
"Assets/Emilulz_Assets/DEMOLowPolyFlowers/Assets/SM_Daisy_Single.fbx",27100,1,186,228,1,False,Off,True,False,1
"Assets/Emilulz_Assets/DEMOLowPolyFlowers/Assets/SM_Dandelion_Small.fbx",25948,1,187,188,1,False,Off,True,False,1
"Assets/Emilulz_Assets/DEMOLowPolyFlowers/Assets/SM_Hyacinth_PastellBlue_Big.fbx",52460,1,807,1108,1,False,Off,True,False,1
"Assets/Emilulz_Assets/DEMOLowPolyFlowers/Assets/SM_Rose_Black_Open.fbx",31436,1,317,338,1,False,Off,True,False,1
"Assets/Emilulz_Assets/DEMOLowPolyFlowers/Assets/SM_Rose_Red_Open.fbx",31292,1,317,338,1,False,Off,True,False,1
"Assets/Food Pack-Demo/Mesh/Bell pepper green slice.fbx",19644,1,544,272,1,False,Off,False,False,1
"Assets/Food Pack-Demo/Mesh/Bell pepper green.fbx",20780,1,550,248,1,False,Off,False,False,1
"Assets/Food Pack-Demo/Mesh/Bundt Cake cut.fbx",26092,1,829,379,1,False,Off,False,False,1
"Assets/Food Pack-Demo/Mesh/Bundt Cake Piece.fbx",14780,1,196,86,1,False,Off,False,False,1
"Assets/Food Pack-Demo/Mesh/Bundt Cake.fbx",24588,1,812,374,1,False,Off,False,False,1
"Assets/Food Pack-Demo/Mesh/Candy Cane B.fbx",17116,1,428,204,1,False,Off,False,False,1
"Assets/Food Pack-Demo/Mesh/Cheesecake B.fbx",23932,1,741,279,1,False,Off,False,False,1
"Assets/Food Pack-Demo/Mesh/Chopsticks B.fbx",11964,1,48,24,1,False,Off,False,False,1
"Assets/Food Pack-Demo/Mesh/Chopsticks holder.fbx",12092,1,72,36,1,False,Off,False,False,1
"Assets/Food Pack-Demo/Mesh/Coffee Cup C.fbx",18220,1,462,212,1,False,Off,False,False,1
"Assets/Food Pack-Demo/Mesh/Cookies.fbx",17372,1,347,127,1,False,Off,False,False,1
"Assets/Food Pack-Demo/Mesh/Curry plate.fbx",26796,1,854,350,1,False,Off,False,False,1
"Assets/Food Pack-Demo/Mesh/Doughnut D.fbx",21036,1,508,212,1,False,Off,False,False,1
"Assets/Food Pack-Demo/Mesh/Doughnut H.fbx",19612,1,426,212,1,False,Off,False,False,1
"Assets/Food Pack-Demo/Mesh/Frappe B.fbx",24780,1,602,276,2,False,Off,False,False,1
"Assets/Food Pack-Demo/Mesh/Hotdog A.fbx",18108,1,420,200,1,False,Off,False,False,1
"Assets/Food Pack-Demo/Mesh/Ice cream stick C.fbx",23260,1,680,245,1,False,Off,False,False,1
"Assets/Food Pack-Demo/Mesh/Ketchup Plastic Bottle.fbx",18060,1,516,248,1,False,Off,False,False,1
"Assets/Food Pack-Demo/Mesh/Lamb Chop Cooked.fbx",21900,1,756,342,1,False,Off,False,False,1
"Assets/Food Pack-Demo/Mesh/Lamb Chop.fbx",21820,1,759,342,1,False,Off,False,False,1
"Assets/Food Pack-Demo/Mesh/Lamb leg.fbx",19020,1,458,214,1,False,Off,False,False,1
"Assets/Food Pack-Demo/Mesh/Maki C1.fbx",16812,1,426,196,1,False,Off,False,False,1
"Assets/Food Pack-Demo/Mesh/Melon half.fbx",19388,1,480,190,1,False,Off,False,False,1
"Assets/Food Pack-Demo/Mesh/Melon Piece.fbx",14684,1,212,104,1,False,Off,False,False,1
"Assets/Food Pack-Demo/Mesh/Melon.fbx",17020,1,388,182,1,False,Off,False,False,1
"Assets/Food Pack-Demo/Mesh/Peach half no seed.fbx",15676,1,270,124,1,False,Off,False,False,1
"Assets/Food Pack-Demo/Mesh/Peach half with seed.fbx",15740,1,270,124,1,False,Off,False,False,1
"Assets/Food Pack-Demo/Mesh/Peach slice.fbx",14092,1,164,76,1,False,Off,False,False,1
"Assets/Food Pack-Demo/Mesh/Peach.fbx",17148,1,366,168,1,False,Off,False,False,1
"Assets/Food Pack-Demo/Mesh/Pizza Margarita cut.fbx",56956,1,2757,1291,1,False,Off,False,False,1
"Assets/Food Pack-Demo/Mesh/Pizza Margarita Slice.fbx",17532,1,362,171,1,False,Off,False,False,1
"Assets/Food Pack-Demo/Mesh/Pizza Margarita.fbx",53500,1,2604,1221,1,False,Off,False,False,1
"Assets/Food Pack-Demo/Mesh/Pretzel.fbx",22124,1,693,312,1,False,Off,False,False,1
"Assets/Food Pack-Demo/Mesh/Sake cup C.fbx",13932,1,208,96,1,False,Off,False,False,1
"Assets/Food Pack-Demo/Mesh/Sake Pot C.fbx",14108,1,184,92,1,False,Off,False,False,1
"Assets/Food Pack-Demo/Mesh/Salami A.fbx",16044,1,340,156,1,False,Off,False,False,1
"Assets/Food Pack-Demo/Mesh/Salami cut A.fbx",17692,1,409,171,1,False,Off,False,False,1
"Assets/Food Pack-Demo/Mesh/Salami slice A.fbx",18348,1,444,164,1,False,Off,False,False,1
"Assets/Food Pack-Demo/Mesh/Salmon Cut.fbx",17596,1,428,196,1,False,Off,False,False,1
"Assets/Food Pack-Demo/Mesh/Salmon fillet.fbx",15580,1,252,120,1,False,Off,False,False,1
"Assets/Food Pack-Demo/Mesh/Salmon plastic tray.fbx",26524,1,686,332,2,False,Off,False,False,1
"Assets/Food Pack-Demo/Mesh/Salmon skeleton.fbx",31292,1,1246,572,1,False,Off,False,False,1
"Assets/Food Pack-Demo/Mesh/Salmon.fbx",23836,1,733,358,1,False,Off,False,False,1
"Assets/Food Pack-Demo/Mesh/Skewer C.fbx",26652,1,956,438,1,False,Off,False,False,1
"Assets/Food Pack-Demo/Mesh/Soda bottle Glass A.fbx",26236,1,772,358,2,False,Off,False,False,1
"Assets/Food Pack-Demo/Mesh/Soda can C.fbx",18908,1,542,254,1,False,Off,False,False,1
"Assets/Food Pack-Demo/Mesh/Sushi Wood Table.fbx",15324,1,316,148,1,False,Off,False,False,1
"Assets/Food Pack-Demo/Mesh/Swirl lollipop C.fbx",20172,1,701,337,1,False,Off,False,False,1
"Assets/Food Pack-Demo/Mesh/Tamago.fbx",14524,1,252,126,1,False,Off,False,False,1
"Assets/Food Pack-Demo/Mesh/Tomato Half.fbx",21164,1,610,262,1,False,Off,False,False,1
"Assets/Food Pack-Demo/Mesh/Tomato Quarter.fbx",21740,1,592,252,1,False,Off,False,False,1
"Assets/Food Pack-Demo/Mesh/Tomato.fbx",17132,1,364,162,1,False,Off,False,False,1
"Assets/Food Pack-Demo/Mesh/Udon.fbx",53996,1,2535,1229,1,False,Off,False,False,1
"Assets/Food Pack-Demo/Mesh/Unagi.fbx",16508,1,352,174,1,False,Off,False,False,1
"Assets/Food Pack-Demo/Mesh/Wasabi.fbx",14716,1,217,95,1,False,Off,False,False,1
"Assets/Food Pack-Demo/Mesh Collider/Bell pepper green slice_collider.fbx",11692,1,24,44,1,False,Off,False,False,1
"Assets/Food Pack-Demo/Mesh Collider/Bell pepper_collider.fbx",13596,1,72,140,1,False,Off,False,False,1
"Assets/Food Pack-Demo/Mesh Collider/Bundt Cake cut_collider 1.fbx",11388,1,16,26,1,False,Off,False,False,1
"Assets/Food Pack-Demo/Mesh Collider/Bundt Cake cut_collider 2.fbx",11388,1,16,26,1,False,Off,False,False,1
"Assets/Food Pack-Demo/Mesh Collider/Bundt Cake Piece_collider.fbx",11196,1,10,16,1,False,Off,False,False,1
"Assets/Food Pack-Demo/Mesh Collider/Bundt Cake_collider.fbx",11372,1,20,36,1,False,Off,False,False,1
"Assets/Food Pack-Demo/Mesh Collider/Candy Cane_collider 1.fbx",12812,1,73,138,1,False,Off,False,False,1
"Assets/Food Pack-Demo/Mesh Collider/Candy Cane_collider 2.fbx",12076,1,37,66,1,False,Off,False,False,1
"Assets/Food Pack-Demo/Mesh Collider/Cheesecake_collider.fbx",10988,1,6,8,1,False,Off,False,False,1
"Assets/Food Pack-Demo/Mesh Collider/Chopsticks A+B_collider.fbx",11036,1,8,12,1,False,Off,False,False,1
"Assets/Food Pack-Demo/Mesh Collider/Chopsticks holder_collider.fbx",10988,1,8,12,1,False,Off,False,False,1
"Assets/Food Pack-Demo/Mesh Collider/Coffee Cup_collider.fbx",11740,1,26,48,1,False,Off,False,False,1
"Assets/Food Pack-Demo/Mesh Collider/Cookies_collider.fbx",11724,1,24,44,1,False,Off,False,False,1
"Assets/Food Pack-Demo/Mesh Collider/Curry plate_collider.fbx",11644,1,25,46,1,False,Off,False,False,1
"Assets/Food Pack-Demo/Mesh Collider/Doughnut_collider.fbx",12140,1,32,60,1,False,Off,False,False,1
"Assets/Food Pack-Demo/Mesh Collider/Frappe B_collider 1.fbx",11052,1,8,8,1,False,Off,False,False,1
"Assets/Food Pack-Demo/Mesh Collider/Frappe B_collider 2.fbx",11660,1,25,46,1,False,Off,False,False,1
"Assets/Food Pack-Demo/Mesh Collider/Hotdog_collider.fbx",12444,1,50,96,1,False,Off,False,False,1
"Assets/Food Pack-Demo/Mesh Collider/Ice cream stick B to H_collider.fbx",11292,1,18,30,1,False,Off,False,False,1
"Assets/Food Pack-Demo/Mesh Collider/Ketchup+Mustard Plastic Bottle_collider.fbx",11356,1,18,32,1,False,Off,False,False,1
"Assets/Food Pack-Demo/Mesh Collider/Lamb Chop Cooked.fbx",21900,1,756,342,1,False,Off,True,False,1
"Assets/Food Pack-Demo/Mesh Collider/Lamb Chop.fbx",21820,1,759,342,1,False,Off,True,False,1
"Assets/Food Pack-Demo/Mesh Collider/Lamb Chop_collider.fbx",11468,1,20,36,1,False,Off,False,False,1
"Assets/Food Pack-Demo/Mesh Collider/Lamb leg.fbx",19020,1,458,214,1,False,Off,True,False,1
"Assets/Food Pack-Demo/Mesh Collider/Lamb leg_collider.fbx",12172,1,34,64,1,False,Off,False,False,1
"Assets/Food Pack-Demo/Mesh Collider/Maki 1_collider.fbx",11340,1,24,44,1,False,Off,False,False,1
"Assets/Food Pack-Demo/Mesh Collider/Melon half_collider.fbx",12300,1,42,80,1,False,Off,False,False,1
"Assets/Food Pack-Demo/Mesh Collider/Melon Piece_collider.fbx",11436,1,18,32,1,False,Off,False,False,1
"Assets/Food Pack-Demo/Mesh Collider/Melon_collider.fbx",12652,1,57,110,1,False,Off,False,False,1
"Assets/Food Pack-Demo/Mesh Collider/Peach half_collider.fbx",12156,1,35,66,1,False,Off,False,False,1
"Assets/Food Pack-Demo/Mesh Collider/Peach slice_collider.fbx",11548,1,16,28,1,False,Off,False,False,1
"Assets/Food Pack-Demo/Mesh Collider/Peach_collider.fbx",12284,1,41,78,1,False,Off,False,False,1
"Assets/Food Pack-Demo/Mesh Collider/Pizza cut_collider.fbx",12556,1,50,96,1,False,Off,False,False,1
"Assets/Food Pack-Demo/Mesh Collider/Pizza Slice_collider.fbx",11260,1,11,18,1,False,Off,False,False,1
"Assets/Food Pack-Demo/Mesh Collider/Pizza_collider.fbx",12348,1,50,96,1,False,Off,False,False,1
"Assets/Food Pack-Demo/Mesh Collider/Pretzel_collider.fbx",12316,1,40,76,1,False,Off,False,False,1
"Assets/Food Pack-Demo/Mesh Collider/Sake cup B+C_collider.fbx",11484,1,24,44,1,False,Off,False,False,1
"Assets/Food Pack-Demo/Mesh Collider/Sake Pot C_collider.fbx",11180,1,12,20,1,False,Off,False,False,1
"Assets/Food Pack-Demo/Mesh Collider/Salami A.fbx",16044,1,340,156,1,False,Off,True,False,1
"Assets/Food Pack-Demo/Mesh Collider/Salami A_collider.fbx",12172,1,48,92,1,False,Off,False,False,1
"Assets/Food Pack-Demo/Mesh Collider/Salami cut A.fbx",17692,1,409,171,1,False,Off,True,False,1
"Assets/Food Pack-Demo/Mesh Collider/Salami cut A_collider.fbx",11692,1,32,60,1,False,Off,False,False,1
"Assets/Food Pack-Demo/Mesh Collider/Salami slice A.fbx",18348,1,444,164,1,False,Off,True,False,1
"Assets/Food Pack-Demo/Mesh Collider/Salami slice A_collider.fbx",11260,1,16,28,1,False,Off,False,False,1
"Assets/Food Pack-Demo/Mesh Collider/Salmon Cut.fbx",17596,1,428,196,1,False,Off,True,False,1
"Assets/Food Pack-Demo/Mesh Collider/Salmon Cut_collider.fbx",11580,1,26,48,1,False,Off,False,False,1
"Assets/Food Pack-Demo/Mesh Collider/Salmon fillet.fbx",15580,1,250,120,1,False,Off,True,False,1
"Assets/Food Pack-Demo/Mesh Collider/Salmon fillet_collider.fbx",11964,1,29,54,1,False,Off,False,False,1
"Assets/Food Pack-Demo/Mesh Collider/Salmon plastic tray.fbx",26524,1,682,332,2,False,Off,True,False,1
"Assets/Food Pack-Demo/Mesh Collider/Salmon plastic tray_collider.fbx",11468,1,24,44,1,False,Off,False,False,1
"Assets/Food Pack-Demo/Mesh Collider/Salmon skeleton.fbx",31292,1,1246,572,1,False,Off,True,False,1
"Assets/Food Pack-Demo/Mesh Collider/Salmon skeleton_collider.fbx",11740,1,22,40,1,False,Off,False,False,1
"Assets/Food Pack-Demo/Mesh Collider/Salmon.fbx",23836,1,733,358,1,False,Off,True,False,1
"Assets/Food Pack-Demo/Mesh Collider/Salmon_collider.fbx",11852,1,26,44,1,False,Off,False,False,1
"Assets/Food Pack-Demo/Mesh Collider/Skewer C_collider.fbx",13052,1,50,96,1,False,Off,False,False,1
"Assets/Food Pack-Demo/Mesh Collider/Soda bottle Glass_collider.fbx",12028,1,40,76,1,False,Off,False,False,1
"Assets/Food Pack-Demo/Mesh Collider/Soda can_collider.fbx",11740,1,32,60,1,False,Off,False,False,1
"Assets/Food Pack-Demo/Mesh Collider/Sushi Wood Table_collider.fbx",11180,1,16,28,1,False,Off,False,False,1
"Assets/Food Pack-Demo/Mesh Collider/Swirl lollipop_collider.fbx",11356,1,18,32,1,False,Off,False,False,1
"Assets/Food Pack-Demo/Mesh Collider/Tamago_collider.fbx",11788,1,36,68,1,False,Off,False,False,1
"Assets/Food Pack-Demo/Mesh Collider/Tomato Half_collider.fbx",11916,1,31,58,1,False,Off,False,False,1
"Assets/Food Pack-Demo/Mesh Collider/Tomato Quarter_collider.fbx",11388,1,14,24,1,False,Off,False,False,1
"Assets/Food Pack-Demo/Mesh Collider/Tomato_collider.fbx",12380,1,42,80,1,False,Off,False,False,1
"Assets/Food Pack-Demo/Mesh Collider/Udon_collider.fbx",12268,1,48,92,1,False,Off,False,False,1
"Assets/Food Pack-Demo/Mesh Collider/Unagi_collider.fbx",11964,1,36,68,1,False,Off,False,False,1
"Assets/Food Pack-Demo/Mesh Collider/Wasabi_collider.fbx",11532,1,24,44,1,False,Off,False,False,1
"Assets/Furniture Mega Pack/FBX/Bathroom/BathroomVanity01.fbx",37292,2,758,616,2,False,Off,True,False,1
"Assets/Furniture Mega Pack/FBX/Bathroom/BathroomVanity02.fbx",45804,3,1428,944,3,False,Off,True,False,1
"Assets/Furniture Mega Pack/FBX/Bathroom/BathroomVanity03.fbx",30572,3,320,228,3,False,Off,True,False,1
"Assets/Furniture Mega Pack/FBX/Bathroom/BathroomVanity04.fbx",37004,3,840,604,3,False,Off,True,False,1
"Assets/Furniture Mega Pack/FBX/Bathroom/BathroomVanity05.fbx",44588,4,1298,872,4,False,Off,True,False,1
"Assets/Furniture Mega Pack/FBX/Bathroom/BathroomVanity06.fbx",24700,1,196,148,1,False,Off,True,False,1
"Assets/Furniture Mega Pack/FBX/Bathroom/BathroomVanity07.fbx",51196,3,1594,1116,3,False,Off,True,False,1
"Assets/Furniture Mega Pack/FBX/Bathroom/BathTub01.fbx",87612,1,1837,2746,1,False,Off,True,False,1
"Assets/Furniture Mega Pack/FBX/Bathroom/BathTub02.fbx",43116,1,708,964,1,False,Off,True,False,1
"Assets/Furniture Mega Pack/FBX/Bathroom/BathTub03.fbx",53692,1,964,1336,1,False,Off,True,False,1
"Assets/Furniture Mega Pack/FBX/Bathroom/BathTub04.fbx",63804,1,1280,1792,1,False,Off,True,False,1
"Assets/Furniture Mega Pack/FBX/Bathroom/BathTub05.fbx",43372,1,708,964,1,False,Off,True,False,1
"Assets/Furniture Mega Pack/FBX/Bathroom/BathTub06.fbx",132732,1,3064,4764,1,False,Off,True,False,1
"Assets/Furniture Mega Pack/FBX/Bathroom/BathTub07.fbx",109356,1,2468,3936,1,False,Off,True,False,1
"Assets/Furniture Mega Pack/FBX/Bathroom/ShowerSystem01.fbx",246316,3,10300,9338,3,False,Off,True,False,1
"Assets/Furniture Mega Pack/FBX/Bathroom/ShowerSystem02.fbx",201468,3,8751,7534,3,False,Off,True,False,1
"Assets/Furniture Mega Pack/FBX/Bathroom/ShowerSystem03.fbx",200044,3,7945,7268,3,False,Off,True,False,1
"Assets/Furniture Mega Pack/FBX/Bathroom/ShowerSystem04.fbx",95516,2,3175,2952,2,False,Off,True,False,1
"Assets/Furniture Mega Pack/FBX/Bathroom/ShowerSystem05.fbx",555612,3,20149,16376,3,False,Off,True,False,1
"Assets/Furniture Mega Pack/FBX/Bathroom/ShowerSystem06.fbx",454636,3,16774,14264,3,False,Off,True,False,1
"Assets/Furniture Mega Pack/FBX/Bathroom/ShowerSystem07.fbx",508076,3,17064,14918,3,False,Off,True,False,1
"Assets/Furniture Mega Pack/FBX/Bathroom/TissueHanger01.fbx",23164,1,100,68,1,False,Off,True,False,1
"Assets/Furniture Mega Pack/FBX/Bathroom/TissueHanger02.fbx",26396,1,214,170,1,False,Off,True,False,1
"Assets/Furniture Mega Pack/FBX/Bathroom/TissueHanger03.fbx",51580,2,822,1052,2,False,Off,True,False,1
"Assets/Furniture Mega Pack/FBX/Bathroom/TissueHanger04.fbx",27084,1,270,248,1,False,Off,True,False,1
"Assets/Furniture Mega Pack/FBX/Bathroom/TissueHanger05.fbx",52844,2,892,1124,2,False,Off,True,False,1
"Assets/Furniture Mega Pack/FBX/Bathroom/TissueHanger06.fbx",26764,1,277,252,1,False,Off,True,False,1
"Assets/Furniture Mega Pack/FBX/Bathroom/TissueHanger07.fbx",25436,1,216,170,1,False,Off,True,False,1
"Assets/Furniture Mega Pack/FBX/Bathroom/Toilet01.fbx",256924,4,6041,9018,4,False,Off,True,False,1
"Assets/Furniture Mega Pack/FBX/Bathroom/Toilet02.fbx",256076,4,6134,8922,4,False,Off,True,False,1
"Assets/Furniture Mega Pack/FBX/Bathroom/Toilet03.fbx",209532,4,4952,7344,4,False,Off,True,False,1
"Assets/Furniture Mega Pack/FBX/Bathroom/Toilet04.fbx",150604,5,3114,4792,5,False,Off,True,False,1
"Assets/Furniture Mega Pack/FBX/Bathroom/Toilet05.fbx",207980,4,4916,7196,4,False,Off,True,False,1
"Assets/Furniture Mega Pack/FBX/Bathroom/Toilet06.fbx",172460,5,4225,5858,5,False,Off,True,False,1
"Assets/Furniture Mega Pack/FBX/Bathroom/Toilet07.fbx",170860,4,3770,5309,4,False,Off,True,False,1
"Assets/Furniture Mega Pack/FBX/Bathroom/TowelHanger01.fbx",22972,1,96,48,1,False,Off,True,False,1
"Assets/Furniture Mega Pack/FBX/Bathroom/TowelHanger02.fbx",28668,1,330,344,1,False,Off,True,False,1
"Assets/Furniture Mega Pack/FBX/Bathroom/TowelHanger03.fbx",23708,1,130,88,1,False,Off,True,False,1
"Assets/Furniture Mega Pack/FBX/Bathroom/TowelHanger04.fbx",29436,1,468,384,1,False,Off,True,False,1
"Assets/Furniture Mega Pack/FBX/Bathroom/TowelHanger05.fbx",28396,1,374,328,1,False,Off,True,False,1
"Assets/Furniture Mega Pack/FBX/Bathroom/TowelHanger06.fbx",50604,1,844,1276,1,False,Off,True,False,1
"Assets/Furniture Mega Pack/FBX/Bathroom/TowelHanger07.fbx",34540,1,464,528,1,False,Off,True,False,1
"Assets/Furniture Mega Pack/FBX/Bathroom/WashBasin01.fbx",104684,3,2590,3008,3,False,Off,True,False,1
"Assets/Furniture Mega Pack/FBX/Bathroom/WashBasin02.fbx",102972,3,2489,2924,3,False,Off,True,False,1
"Assets/Furniture Mega Pack/FBX/Bathroom/WashBasin03.fbx",110620,3,2593,3144,3,False,Off,True,False,1
"Assets/Furniture Mega Pack/FBX/Bathroom/WashBasin04.fbx",90988,3,2178,2482,3,False,Off,True,False,1
"Assets/Furniture Mega Pack/FBX/Bathroom/WashBasin05.fbx",106636,3,2561,3126,3,False,Off,True,False,1
"Assets/Furniture Mega Pack/FBX/Bathroom/WashBasin06.fbx",148284,3,3487,4540,3,False,Off,True,False,1
"Assets/Furniture Mega Pack/FBX/Bathroom/WashBasin07.fbx",105516,3,2511,2918,3,False,Off,True,False,1
"Assets/Furniture Mega Pack/FBX/Bed/Bed01.fbx",738844,4,15135,28336,4,False,Off,True,False,1
"Assets/Furniture Mega Pack/FBX/Bed/Bed02.fbx",436444,3,9334,16752,3,False,Off,True,False,1
"Assets/Furniture Mega Pack/FBX/Bed/Bed03.fbx",590140,3,11788,22500,3,False,Off,True,False,1
"Assets/Furniture Mega Pack/FBX/Bed/Bed04.fbx",471180,3,9516,18020,3,False,Off,True,False,1
"Assets/Furniture Mega Pack/FBX/Bed/Bed05.fbx",484428,3,9452,17962,3,False,Off,True,False,1
"Assets/Furniture Mega Pack/FBX/Bed/Bed06.fbx",481564,3,9452,17962,3,False,Off,True,False,1
"Assets/Furniture Mega Pack/FBX/Bed/Bed07.fbx",484316,3,9656,18116,3,False,Off,True,False,1
"Assets/Furniture Mega Pack/FBX/Bed/Bed08.fbx",481452,3,9670,18124,3,False,Off,True,False,1
"Assets/Furniture Mega Pack/FBX/Bed/Bed09.fbx",484156,3,9588,18140,3,False,Off,True,False,1
"Assets/Furniture Mega Pack/FBX/Bed/Bed10.fbx",484796,3,9627,18140,3,False,Off,True,False,1
"Assets/Furniture Mega Pack/FBX/Bed/Bed11.fbx",491372,5,9662,18116,5,False,Off,True,False,1
"Assets/Furniture Mega Pack/FBX/Bed/Bed12.fbx",595532,5,11806,22340,5,False,Off,True,False,1
"Assets/Furniture Mega Pack/FBX/Bed/Bed13.fbx",505948,6,10370,18656,6,False,Off,True,False,1
"Assets/Furniture Mega Pack/FBX/Bed/Bed14.fbx",408892,6,8514,14640,6,False,Off,True,False,1
"Assets/Furniture Mega Pack/FBX/Bed/Bed15.fbx",498252,5,9624,18124,5,False,Off,True,False,1
"Assets/Furniture Mega Pack/FBX/Bed/Bed16.fbx",494540,5,9716,18220,5,False,Off,True,False,1
"Assets/Furniture Mega Pack/FBX/Bed/Bed17.fbx",494060,5,9532,18028,5,False,Off,True,False,1
"Assets/Furniture Mega Pack/FBX/Bed/Bed18.fbx",490780,5,9532,18028,5,False,Off,True,False,1
"Assets/Furniture Mega Pack/FBX/Bed/Bed19.fbx",501212,8,9748,18200,8,False,Off,True,False,1
"Assets/Furniture Mega Pack/FBX/Bed/Bed20.fbx",504012,9,9868,18316,9,False,Off,True,False,1
"Assets/Furniture Mega Pack/FBX/Bed/Bed21.fbx",743580,5,15600,28348,5,False,Off,True,False,1
"Assets/Furniture Mega Pack/FBX/Bed/Bed22.fbx",739772,5,15600,28348,5,False,Off,True,False,1
"Assets/Furniture Mega Pack/FBX/Bed/Bed23.fbx",739196,5,15600,28348,5,False,Off,True,False,1
"Assets/Furniture Mega Pack/FBX/Bed/Bed24.fbx",738828,5,14943,27780,5,False,Off,True,False,1
"Assets/Furniture Mega Pack/FBX/Bed/Bed25.fbx",739228,5,14943,27780,5,False,Off,True,False,1
"Assets/Furniture Mega Pack/FBX/Bed/Bed26.fbx",739420,5,14943,27780,5,False,Off,True,False,1
"Assets/Furniture Mega Pack/FBX/Bed/Bed27.fbx",1188268,5,24080,45772,5,False,Off,True,False,1
"Assets/Furniture Mega Pack/FBX/Bed/Bed28.fbx",1471340,5,30184,57156,5,False,Off,True,False,1
"Assets/Furniture Mega Pack/FBX/Bed/Bed29.fbx",1155948,4,24043,44506,4,False,Off,True,False,1
"Assets/Furniture Mega Pack/FBX/Bed/Bed30.fbx",1386156,4,31206,54704,4,False,Off,True,False,1
"Assets/Furniture Mega Pack/FBX/Bed/Bed31.fbx",746940,3,15528,29642,3,False,Off,True,False,1
"Assets/Furniture Mega Pack/FBX/Bed/Bed32.fbx",592908,3,11716,22224,3,False,Off,True,False,1
"Assets/Furniture Mega Pack/FBX/Bed/Bed33.fbx",47612,2,1046,964,2,False,Off,True,False,1
"Assets/Furniture Mega Pack/FBX/Bed/Bed34.fbx",47548,2,1002,942,2,False,Off,True,False,1
"Assets/Furniture Mega Pack/FBX/Bed/Bed35.fbx",52812,2,1414,1268,2,False,Off,True,False,1
"Assets/Furniture Mega Pack/FBX/Bed/Bed36.fbx",52860,2,1362,1208,2,False,Off,True,False,1
"Assets/Furniture Mega Pack/FBX/Bed/Bed37.fbx",76940,2,1663,1878,2,False,Off,True,False,1
"Assets/Furniture Mega Pack/FBX/Bed/Bed38.fbx",77052,2,2012,2084,2,False,Off,True,False,1
"Assets/Furniture Mega Pack/FBX/Bed/Bed39.fbx",575340,1,11514,21528,1,False,Off,True,False,1
"Assets/Furniture Mega Pack/FBX/Bed/Bed40.fbx",572092,1,11514,21528,1,False,Off,True,False,1
"Assets/Furniture Mega Pack/FBX/Bed/Bed41.fbx",798364,1,17730,31476,1,False,Off,True,False,1
"Assets/Furniture Mega Pack/FBX/Bed/Bed42.fbx",794524,1,17730,31476,1,False,Off,True,False,1
"Assets/Furniture Mega Pack/FBX/Bed/Bed43.fbx",593964,2,15298,24688,2,False,Off,True,False,1
"Assets/Furniture Mega Pack/FBX/Bed/Bed44.fbx",593852,2,15298,24688,2,False,Off,True,False,1
"Assets/Furniture Mega Pack/FBX/Bed/Bed45.fbx",914844,1,20134,37184,1,False,Off,True,False,1
"Assets/Furniture Mega Pack/FBX/Bed/Bed46.fbx",914732,1,20134,37184,1,False,Off,True,False,1
"Assets/Furniture Mega Pack/FBX/Bed/Bed47.fbx",767500,1,15855,30410,1,False,Off,True,False,1
"Assets/Furniture Mega Pack/FBX/Bed/Bed48.fbx",770604,1,15855,30410,1,False,Off,True,False,1
"Assets/Furniture Mega Pack/FBX/Bed/Bed49.fbx",421804,1,8398,15968,1,False,Off,True,False,1
"Assets/Furniture Mega Pack/FBX/Bed/Bed50.fbx",420588,1,8390,15968,1,False,Off,True,False,1
"Assets/Furniture Mega Pack/FBX/Chair/Chair01.fbx",98316,1,2341,3132,1,False,Off,True,False,1
"Assets/Furniture Mega Pack/FBX/Chair/Chair02.fbx",85340,1,1988,2604,1,False,Off,True,False,1
"Assets/Furniture Mega Pack/FBX/Chair/Chair03.fbx",158524,1,3042,5028,1,False,Off,True,False,1
"Assets/Furniture Mega Pack/FBX/Chair/Chair04.fbx",279068,1,5838,10456,1,False,Off,True,False,1
"Assets/Furniture Mega Pack/FBX/Chair/Chair05.fbx",152604,1,3528,5628,1,False,Off,True,False,1
"Assets/Furniture Mega Pack/FBX/Chair/Chair06.fbx",206252,1,4886,7680,1,False,Off,True,False,1
"Assets/Furniture Mega Pack/FBX/Chair/Chair07.fbx",99500,1,2028,3200,1,False,Off,True,False,1
"Assets/Furniture Mega Pack/FBX/Chair/Chair08.fbx",721916,1,14242,25808,1,False,Off,True,False,1
"Assets/Furniture Mega Pack/FBX/Chair/Chair09.fbx",933484,1,18466,36008,1,False,Off,True,False,1
"Assets/Furniture Mega Pack/FBX/Chair/Chair10.fbx",2658348,1,53202,104860,1,False,Off,True,False,1
"Assets/Furniture Mega Pack/FBX/Chair/Chair11.fbx",466348,1,10492,17952,1,False,Off,True,False,1
"Assets/Furniture Mega Pack/FBX/Chair/Chair12.fbx",476940,1,10947,19592,1,False,Off,True,False,1
"Assets/Furniture Mega Pack/FBX/Chair/Chair13.fbx",281020,1,6746,11248,1,False,Off,True,False,1
"Assets/Furniture Mega Pack/FBX/Chair/Chair14.fbx",501372,1,10142,18768,1,False,Off,True,False,1
"Assets/Furniture Mega Pack/FBX/Chair/Chair15.fbx",640252,1,12927,23272,1,False,Off,True,False,1
"Assets/Furniture Mega Pack/FBX/Chair/Chair16.fbx",923532,1,18675,35736,1,False,Off,True,False,1
"Assets/Furniture Mega Pack/FBX/Chair/Chair17.fbx",271676,1,5171,9490,1,False,Off,True,False,1
"Assets/Furniture Mega Pack/FBX/Chair/Chair18.fbx",400044,1,9010,15824,1,False,Off,True,False,1
"Assets/Furniture Mega Pack/FBX/Chair/Chair19.fbx",223836,1,5961,9280,1,False,Off,True,False,1
"Assets/Furniture Mega Pack/FBX/Chair/Chair20.fbx",1445132,1,30824,58328,1,False,Off,True,False,1
"Assets/Furniture Mega Pack/FBX/Chair/Chair21.fbx",70460,1,1659,2392,1,False,Off,True,False,1
"Assets/Furniture Mega Pack/FBX/Chair/Chair22.fbx",83436,1,1840,2856,1,False,Off,True,False,1
"Assets/Furniture Mega Pack/FBX/Chair/Chair23.fbx",62108,1,1364,1882,1,False,Off,True,False,1
"Assets/Furniture Mega Pack/FBX/Chair/Chair24.fbx",134124,1,2896,5216,1,False,Off,True,False,1
"Assets/Furniture Mega Pack/FBX/Chair/Chair25.fbx",123244,1,3008,4720,1,False,Off,True,False,1
"Assets/Furniture Mega Pack/FBX/Chair/Chair26.fbx",477660,1,11594,18816,1,False,Off,True,False,1
"Assets/Furniture Mega Pack/FBX/Chair/Chair27.fbx",379116,1,8974,14784,1,False,Off,True,False,1
"Assets/Furniture Mega Pack/FBX/Chair/Chair28.fbx",708652,1,18807,33344,1,False,Off,True,False,1
"Assets/Furniture Mega Pack/FBX/Chair/Chair29.fbx",322556,1,7472,13744,1,False,Off,True,False,1
"Assets/Furniture Mega Pack/FBX/Chair/Chair30.fbx",898124,1,21764,35808,1,False,Off,True,False,1
"Assets/Furniture Mega Pack/FBX/Chair/Chair31.fbx",224220,1,5410,7654,1,False,Off,True,False,1
"Assets/Furniture Mega Pack/FBX/Chair/Chair32.fbx",270060,1,7529,10382,1,False,Off,True,False,1
"Assets/Furniture Mega Pack/FBX/Chair/Chair33.fbx",889932,1,20948,33934,1,False,Off,True,False,1
"Assets/Furniture Mega Pack/FBX/Chair/Chair34.fbx",3415068,1,74607,127472,1,False,Off,True,False,1
"Assets/Furniture Mega Pack/FBX/Chair/Chair35.fbx",3415916,1,74607,127472,1,False,Off,True,False,1
"Assets/Furniture Mega Pack/FBX/Chair/Chair36.fbx",271548,1,6422,10522,1,False,Off,True,False,1
"Assets/Furniture Mega Pack/FBX/Chair/Chair37.fbx",497596,1,14294,22992,1,False,Off,True,False,1
"Assets/Furniture Mega Pack/FBX/Chair/Chair38.fbx",1018044,1,26188,45876,1,False,Off,True,False,1
"Assets/Furniture Mega Pack/FBX/Chair/Chair39.fbx",285516,1,8384,12272,1,False,Off,True,False,1
"Assets/Furniture Mega Pack/FBX/Chair/Chair40.fbx",178524,1,4582,6976,1,False,Off,True,False,1
"Assets/Furniture Mega Pack/FBX/Chair/Chair41.fbx",123372,1,3360,4896,1,False,Off,True,False,1
"Assets/Furniture Mega Pack/FBX/Chair/Chair42.fbx",344748,1,7982,13448,1,False,Off,True,False,1
"Assets/Furniture Mega Pack/FBX/Chair/Chair43.fbx",224508,1,5007,8608,1,False,Off,True,False,1
"Assets/Furniture Mega Pack/FBX/Chair/Chair44.fbx",386220,1,9813,14576,1,False,Off,True,False,1
"Assets/Furniture Mega Pack/FBX/Chair/Chair45.fbx",174604,1,3495,5646,1,False,Off,True,False,1
"Assets/Furniture Mega Pack/FBX/Chair/Chair46.fbx",325612,1,8874,13360,1,False,Off,True,False,1
"Assets/Furniture Mega Pack/FBX/Chair/Chair47.fbx",247340,1,6726,10484,1,False,Off,True,False,1
"Assets/Furniture Mega Pack/FBX/Chair/Chair48.fbx",91612,1,1543,2686,1,False,Off,True,False,1
"Assets/Furniture Mega Pack/FBX/Chair/Chair49.fbx",1025948,1,21247,40064,1,False,Off,True,False,1
"Assets/Furniture Mega Pack/FBX/Chair/Chair50.fbx",3466780,1,78161,144288,1,False,Off,True,False,1
"Assets/Furniture Mega Pack/FBX/Closet/Closet01.fbx",34236,1,760,560,1,False,Off,True,False,1
"Assets/Furniture Mega Pack/FBX/Closet/Closet02.fbx",30668,1,584,434,1,False,Off,True,False,1
"Assets/Furniture Mega Pack/FBX/Closet/Closet03.fbx",33148,1,686,524,1,False,Off,True,False,1
"Assets/Furniture Mega Pack/FBX/Closet/Closet04.fbx",30364,1,520,404,1,False,Off,True,False,1
"Assets/Furniture Mega Pack/FBX/Closet/Closet05.fbx",30412,1,552,416,1,False,Off,True,False,1
"Assets/Furniture Mega Pack/FBX/Closet/Closet06.fbx",30156,1,528,404,1,False,Off,True,False,1
"Assets/Furniture Mega Pack/FBX/Closet/Closet07.fbx",30828,1,592,434,1,False,Off,True,False,1
"Assets/Furniture Mega Pack/FBX/Closet/Closet08.fbx",33564,1,772,560,1,False,Off,True,False,1
"Assets/Furniture Mega Pack/FBX/Closet/Closet09.fbx",32012,1,676,476,1,False,Off,True,False,1
"Assets/Furniture Mega Pack/FBX/Closet/Closet10.fbx",31116,1,532,446,1,False,Off,True,False,1
"Assets/Furniture Mega Pack/FBX/Closet/Closet11.fbx",25948,1,262,218,1,False,Off,True,False,1
"Assets/Furniture Mega Pack/FBX/Closet/Closet12.fbx",28300,1,412,338,1,False,Off,True,False,1
"Assets/Furniture Mega Pack/FBX/Closet/Closet13.fbx",23740,1,148,116,1,False,Off,True,False,1
"Assets/Furniture Mega Pack/FBX/Closet/Closet14.fbx",26012,1,274,224,1,False,Off,True,False,1
"Assets/Furniture Mega Pack/FBX/Closet/Closet15.fbx",26412,1,286,230,1,False,Off,True,False,1
"Assets/Furniture Mega Pack/FBX/Closet/Closet16.fbx",23900,1,148,116,1,False,Off,True,False,1
"Assets/Furniture Mega Pack/FBX/Closet/Closet17.fbx",26700,1,310,242,1,False,Off,True,False,1
"Assets/Furniture Mega Pack/FBX/Closet/Closet18.fbx",26812,1,310,242,1,False,Off,True,False,1
"Assets/Furniture Mega Pack/FBX/Closet/Closet19.fbx",29084,1,472,368,1,False,Off,True,False,1
"Assets/Furniture Mega Pack/FBX/Closet/Closet20.fbx",29244,1,472,368,1,False,Off,True,False,1
"Assets/Furniture Mega Pack/FBX/Closet/Closet21.fbx",45244,3,1550,976,3,False,Off,True,False,1
"Assets/Furniture Mega Pack/FBX/Closet/Closet22.fbx",44556,3,1466,934,3,False,Off,True,False,1
"Assets/Furniture Mega Pack/FBX/Closet/Closet23.fbx",43756,3,1430,916,3,False,Off,True,False,1
"Assets/Furniture Mega Pack/FBX/Closet/Closet24.fbx",43996,3,1442,922,3,False,Off,True,False,1
"Assets/Furniture Mega Pack/FBX/Closet/Closet25.fbx",44252,3,1454,928,3,False,Off,True,False,1
"Assets/Furniture Mega Pack/FBX/Closet/Closet26.fbx",34844,2,834,552,2,False,Off,True,False,1
"Assets/Furniture Mega Pack/FBX/Closet/Closet27.fbx",34700,2,822,546,2,False,Off,True,False,1
"Assets/Furniture Mega Pack/FBX/Closet/Closet28.fbx",32428,2,728,456,2,False,Off,True,False,1
"Assets/Furniture Mega Pack/FBX/Closet/Closet29.fbx",35052,2,846,558,2,False,Off,True,False,1
"Assets/Furniture Mega Pack/FBX/Closet/Closet30.fbx",34908,2,834,552,2,False,Off,True,False,1
"Assets/Furniture Mega Pack/FBX/Closet/Closet31.fbx",24188,1,182,152,1,False,Off,True,False,1
"Assets/Furniture Mega Pack/FBX/Closet/Closet32.fbx",24364,1,194,158,1,False,Off,True,False,1
"Assets/Furniture Mega Pack/FBX/Closet/Closet33.fbx",24252,1,182,152,1,False,Off,True,False,1
"Assets/Furniture Mega Pack/FBX/Closet/Closet34.fbx",26220,1,288,248,1,False,Off,True,False,1
"Assets/Furniture Mega Pack/FBX/Closet/Closet35.fbx",24156,1,182,152,1,False,Off,True,False,1
"Assets/Furniture Mega Pack/FBX/Closet/Closet36.fbx",24332,1,194,158,1,False,Off,True,False,1
"Assets/Furniture Mega Pack/FBX/Closet/Closet37.fbx",24220,1,182,152,1,False,Off,True,False,1
"Assets/Furniture Mega Pack/FBX/Closet/Closet38.fbx",26204,1,288,248,1,False,Off,True,False,1
"Assets/Furniture Mega Pack/FBX/Closet/Closet39.fbx",24140,1,182,152,1,False,Off,True,False,1
"Assets/Furniture Mega Pack/FBX/Closet/Closet40.fbx",24316,1,194,158,1,False,Off,True,False,1
"Assets/Furniture Mega Pack/FBX/Closet/Closet41.fbx",24220,1,182,152,1,False,Off,True,False,1
"Assets/Furniture Mega Pack/FBX/Closet/Closet42.fbx",26204,1,288,248,1,False,Off,True,False,1
"Assets/Furniture Mega Pack/FBX/Closet/Closet43.fbx",33724,2,702,500,2,False,Off,True,False,1
"Assets/Furniture Mega Pack/FBX/Closet/Closet44.fbx",33916,2,714,506,2,False,Off,True,False,1
"Assets/Furniture Mega Pack/FBX/Closet/Closet45.fbx",33788,2,702,500,2,False,Off,True,False,1
"Assets/Furniture Mega Pack/FBX/Closet/Closet46.fbx",45212,3,1328,944,3,False,Off,True,False,1
"Assets/Furniture Mega Pack/FBX/Closet/Closet47.fbx",33724,2,702,500,2,False,Off,True,False,1
"Assets/Furniture Mega Pack/FBX/Closet/Closet48.fbx",33916,2,714,506,2,False,Off,True,False,1
"Assets/Furniture Mega Pack/FBX/Closet/Closet49.fbx",33788,2,702,500,2,False,Off,True,False,1
"Assets/Furniture Mega Pack/FBX/Closet/Closet50.fbx",45308,3,1328,944,3,False,Off,True,False,1
"Assets/Furniture Mega Pack/FBX/Cushion/Cushion01_08.fbx",290924,8,5392,9984,8,False,Off,True,False,1
"Assets/Furniture Mega Pack/FBX/Cushion/Cushion09_16.fbx",272604,8,5008,9216,8,False,Off,True,False,1
"Assets/Furniture Mega Pack/FBX/Cushion/Cushion17_24.fbx",315404,8,5776,10752,8,False,Off,True,False,1
"Assets/Furniture Mega Pack/FBX/Cushion/Cushion25_28.fbx",203388,4,3720,6912,4,False,Off,True,False,1
"Assets/Furniture Mega Pack/FBX/Cushion/Cushion29_36.fbx",240092,8,4800,8560,8,False,Off,True,False,1
"Assets/Furniture Mega Pack/FBX/Cushion/Cushion37_40.fbx",92140,4,2064,3568,4,False,Off,True,False,1
"Assets/Furniture Mega Pack/FBX/Cushion/Cushion41_48.fbx",339292,8,6460,12240,8,False,Off,True,False,1
"Assets/Furniture Mega Pack/FBX/Cushion/Cushion49_50.fbx",77500,2,1188,2176,2,False,Off,True,False,1
"Assets/Furniture Mega Pack/FBX/Drawer/Drawer01.fbx",43564,4,1316,886,4,False,Off,True,False,1
"Assets/Furniture Mega Pack/FBX/Drawer/Drawer02.fbx",44956,4,1424,976,4,False,Off,True,False,1
"Assets/Furniture Mega Pack/FBX/Drawer/Drawer03.fbx",43820,4,1340,928,4,False,Off,True,False,1
"Assets/Furniture Mega Pack/FBX/Drawer/Drawer04.fbx",51116,4,1412,1122,4,False,Off,True,False,1
"Assets/Furniture Mega Pack/FBX/Drawer/Drawer05.fbx",50892,4,1412,1122,4,False,Off,True,False,1
"Assets/Furniture Mega Pack/FBX/Drawer/Drawer06.fbx",42188,3,1112,852,3,False,Off,True,False,1
"Assets/Furniture Mega Pack/FBX/Drawer/Drawer07.fbx",42300,3,1112,852,3,False,Off,True,False,1
"Assets/Furniture Mega Pack/FBX/Drawer/Drawer08.fbx",42044,3,1112,852,3,False,Off,True,False,1
"Assets/Furniture Mega Pack/FBX/Drawer/Drawer09.fbx",43468,3,1156,896,3,False,Off,True,False,1
"Assets/Furniture Mega Pack/FBX/Drawer/Drawer10.fbx",43276,3,1156,896,3,False,Off,True,False,1
"Assets/Furniture Mega Pack/FBX/Drawer/Drawer11.fbx",70140,4,2046,2060,4,False,Off,True,False,1
"Assets/Furniture Mega Pack/FBX/Drawer/Drawer12.fbx",77996,5,2494,2416,5,False,Off,True,False,1
"Assets/Furniture Mega Pack/FBX/Drawer/Drawer13.fbx",90332,7,3182,2872,7,False,Off,True,False,1
"Assets/Furniture Mega Pack/FBX/Drawer/Drawer14.fbx",58668,4,1747,1602,4,False,Off,True,False,1
"Assets/Furniture Mega Pack/FBX/Drawer/Drawer15.fbx",64892,5,2616,2220,5,False,Off,True,False,1
"Assets/Furniture Mega Pack/FBX/Drawer/Drawer16.fbx",64828,5,2616,2220,5,False,Off,True,False,1
"Assets/Furniture Mega Pack/FBX/Drawer/Drawer17.fbx",64476,5,2616,2220,5,False,Off,True,False,1
"Assets/Furniture Mega Pack/FBX/Drawer/Drawer18.fbx",64364,5,2616,2220,5,False,Off,True,False,1
"Assets/Furniture Mega Pack/FBX/Drawer/Drawer19.fbx",34668,4,488,368,4,False,Off,True,False,1
"Assets/Furniture Mega Pack/FBX/Drawer/Drawer20.fbx",38940,5,648,492,5,False,Off,True,False,1
"Assets/Furniture Mega Pack/FBX/Drawer/Drawer21.fbx",87644,5,2774,2916,5,False,Off,True,False,1
"Assets/Furniture Mega Pack/FBX/Drawer/Drawer22.fbx",87500,5,2774,2916,5,False,Off,True,False,1
"Assets/Furniture Mega Pack/FBX/Drawer/Drawer23.fbx",87820,5,2776,2916,5,False,Off,True,False,1
"Assets/Furniture Mega Pack/FBX/Drawer/Drawer24.fbx",265596,4,7002,9638,4,False,Off,True,False,1
"Assets/Furniture Mega Pack/FBX/Drawer/Drawer25.fbx",264940,4,7002,9638,4,False,Off,True,False,1
"Assets/Furniture Mega Pack/FBX/Drawer/Drawer26.fbx",265100,4,7002,9638,4,False,Off,True,False,1
"Assets/Furniture Mega Pack/FBX/Drawer/Drawer27.fbx",164460,4,4487,6108,4,False,Off,True,False,1
"Assets/Furniture Mega Pack/FBX/Drawer/Drawer28.fbx",164460,4,4487,6108,4,False,Off,True,False,1
"Assets/Furniture Mega Pack/FBX/Drawer/Drawer29.fbx",48844,6,1118,928,6,False,Off,True,False,1
"Assets/Furniture Mega Pack/FBX/Drawer/Drawer30.fbx",42780,5,850,696,5,False,Off,True,False,1
"Assets/Furniture Mega Pack/FBX/Drawer/Drawer31.fbx",167884,10,5896,5392,10,False,Off,True,False,1
"Assets/Furniture Mega Pack/FBX/Drawer/Drawer32.fbx",166076,10,5788,5392,10,False,Off,True,False,1
"Assets/Furniture Mega Pack/FBX/Drawer/Drawer33.fbx",100236,7,3428,2844,7,False,Off,True,False,1
"Assets/Furniture Mega Pack/FBX/Drawer/Drawer34.fbx",83740,5,2596,2230,5,False,Off,True,False,1
"Assets/Furniture Mega Pack/FBX/Drawer/Drawer35.fbx",138892,8,4700,4348,8,False,Off,True,False,1
"Assets/Furniture Mega Pack/FBX/Drawer/Drawer36.fbx",131132,7,4331,4080,7,False,Off,True,False,1
"Assets/Furniture Mega Pack/FBX/Drawer/Drawer37.fbx",83228,4,2448,2336,4,False,Off,True,False,1
"Assets/Furniture Mega Pack/FBX/Drawer/Drawer38.fbx",132892,8,4798,4196,8,False,Off,True,False,1
"Assets/Furniture Mega Pack/FBX/Drawer/Drawer39.fbx",133340,8,4798,4196,8,False,Off,True,False,1
"Assets/Furniture Mega Pack/FBX/Drawer/Drawer40.fbx",102956,8,3894,3044,8,False,Off,True,False,1
"Assets/Furniture Mega Pack/FBX/Drawer/Drawer41.fbx",51516,7,1132,916,7,False,Off,True,False,1
"Assets/Furniture Mega Pack/FBX/Drawer/Drawer42.fbx",41852,5,768,620,5,False,Off,True,False,1
"Assets/Furniture Mega Pack/FBX/Drawer/Drawer43.fbx",45804,4,1412,1016,4,False,Off,True,False,1
"Assets/Furniture Mega Pack/FBX/Drawer/Drawer44.fbx",45836,4,1436,1016,4,False,Off,True,False,1
"Assets/Furniture Mega Pack/FBX/Drawer/Drawer45.fbx",87500,10,3812,2656,10,False,Off,True,False,1
"Assets/Furniture Mega Pack/FBX/Drawer/Drawer46.fbx",96380,10,4316,3008,10,False,Off,True,False,1
"Assets/Furniture Mega Pack/FBX/Drawer/Drawer47.fbx",77724,7,3140,2168,7,False,Off,True,False,1
"Assets/Furniture Mega Pack/FBX/Drawer/Drawer48.fbx",60380,5,2190,1540,5,False,Off,True,False,1
"Assets/Furniture Mega Pack/FBX/Drawer/Drawer49.fbx",53468,5,1872,1242,5,False,Off,True,False,1
"Assets/Furniture Mega Pack/FBX/Drawer/Drawer50.fbx",53180,5,1872,1242,5,False,Off,True,False,1
"Assets/Furniture Mega Pack/FBX/Kitchen/CabinetAset.fbx",163356,21,6882,4886,21,False,Off,True,False,1
"Assets/Furniture Mega Pack/FBX/Kitchen/CabinetBset.fbx",283532,21,10710,9792,21,False,Off,True,False,1
"Assets/Furniture Mega Pack/FBX/Kitchen/CabinetCset.fbx",241564,21,8832,7022,21,False,Off,True,False,1
"Assets/Furniture Mega Pack/FBX/Kitchen/CabinetDset.fbx",144908,21,5588,3882,21,False,Off,True,False,1
"Assets/Furniture Mega Pack/FBX/Kitchen/CabinetEset.fbx",144940,21,5588,3882,21,False,Off,True,False,1
"Assets/Furniture Mega Pack/FBX/Kitchen/CabinetFset.fbx",178828,21,6964,5186,21,False,Off,True,False,1
"Assets/Furniture Mega Pack/FBX/Kitchen/CabinetGset.fbx",147100,21,5940,4110,21,False,Off,True,False,1
"Assets/Furniture Mega Pack/FBX/Kitchen/GasStove01.fbx",92684,3,2986,2896,3,False,Off,True,False,1
"Assets/Furniture Mega Pack/FBX/Kitchen/GasStove02.fbx",75868,3,2328,2076,3,False,Off,True,False,1
"Assets/Furniture Mega Pack/FBX/Kitchen/GasStove03.fbx",97052,3,3704,2980,3,False,Off,True,False,1
"Assets/Furniture Mega Pack/FBX/Kitchen/GasStove04.fbx",65244,2,1976,1596,2,False,Off,True,False,1
"Assets/Furniture Mega Pack/FBX/Kitchen/GasStove05.fbx",110620,3,4580,3900,3,False,Off,True,False,1
"Assets/Furniture Mega Pack/FBX/Kitchen/GasStove06.fbx",71324,2,2308,1948,2,False,Off,True,False,1
"Assets/Furniture Mega Pack/FBX/Kitchen/GasStove07.fbx",155868,5,7065,5764,5,False,Off,True,False,1
"Assets/Furniture Mega Pack/FBX/Kitchen/KitchenExhaust01.fbx",22940,1,76,44,1,False,Off,True,False,1
"Assets/Furniture Mega Pack/FBX/Kitchen/KitchenExhaust02.fbx",23596,1,118,92,1,False,Off,True,False,1
"Assets/Furniture Mega Pack/FBX/Kitchen/KitchenExhaust03.fbx",25532,1,228,200,1,False,Off,True,False,1
"Assets/Furniture Mega Pack/FBX/Kitchen/KitchenExhaust04.fbx",23740,1,128,100,1,False,Off,True,False,1
"Assets/Furniture Mega Pack/FBX/Kitchen/KitchenExhaust05.fbx",23308,1,90,68,1,False,Off,True,False,1
"Assets/Furniture Mega Pack/FBX/Kitchen/KitchenExhaust06.fbx",25548,1,198,168,1,False,Off,True,False,1
"Assets/Furniture Mega Pack/FBX/Kitchen/KitchenExhaust07.fbx",22812,1,72,44,1,False,Off,True,False,1
"Assets/Furniture Mega Pack/FBX/Kitchen/KitchenOven01.fbx",65500,6,1376,1336,6,False,Off,True,False,1
"Assets/Furniture Mega Pack/FBX/Kitchen/KitchenOven02.fbx",70860,6,1514,1524,6,False,Off,True,False,1
"Assets/Furniture Mega Pack/FBX/Kitchen/KitchenOven03.fbx",151820,7,4454,5224,7,False,Off,True,False,1
"Assets/Furniture Mega Pack/FBX/Kitchen/KitchenOven04.fbx",137772,7,4740,4628,7,False,Off,True,False,1
"Assets/Furniture Mega Pack/FBX/Kitchen/KitchenOven05.fbx",64764,4,1794,1696,4,False,Off,True,False,1
"Assets/Furniture Mega Pack/FBX/Kitchen/KitchenOven06.fbx",64300,4,1968,1792,4,False,Off,True,False,1
"Assets/Furniture Mega Pack/FBX/Kitchen/KitchenOven07.fbx",66188,4,2463,1784,4,False,Off,True,False,1
"Assets/Furniture Mega Pack/FBX/Kitchen/MicrowaveOven01.fbx",73980,6,1915,1692,6,False,Off,True,False,1
"Assets/Furniture Mega Pack/FBX/Kitchen/MicrowaveOven02.fbx",112604,6,3175,3152,6,False,Off,True,False,1
"Assets/Furniture Mega Pack/FBX/Kitchen/MicrowaveOven03.fbx",106364,5,4498,3398,5,False,Off,True,False,1
"Assets/Furniture Mega Pack/FBX/Kitchen/MicrowaveOven04.fbx",92348,6,2658,2544,6,False,Off,True,False,1
"Assets/Furniture Mega Pack/FBX/Kitchen/MicrowaveOven05.fbx",100748,6,2973,2820,6,False,Off,True,False,1
"Assets/Furniture Mega Pack/FBX/Kitchen/MicrowaveOven06.fbx",70972,5,2317,1792,5,False,Off,True,False,1
"Assets/Furniture Mega Pack/FBX/Kitchen/MicrowaveOven07.fbx",69164,4,2353,1830,4,False,Off,True,False,1
"Assets/Furniture Mega Pack/FBX/Kitchen/Refrigerator01.fbx",55484,3,1542,1490,3,False,Off,True,False,1
"Assets/Furniture Mega Pack/FBX/Kitchen/Refrigerator02.fbx",55436,3,1731,1632,3,False,Off,True,False,1
"Assets/Furniture Mega Pack/FBX/Kitchen/Refrigerator03.fbx",93436,7,4026,3260,7,False,Off,True,False,1
"Assets/Furniture Mega Pack/FBX/Kitchen/Refrigerator04.fbx",86940,5,3669,3010,5,False,Off,True,False,1
"Assets/Furniture Mega Pack/FBX/Kitchen/Refrigerator05.fbx",82172,3,3772,3118,3,False,Off,True,False,1
"Assets/Furniture Mega Pack/FBX/Kitchen/Refrigerator06.fbx",109548,5,4719,4082,5,False,Off,True,False,1
"Assets/Furniture Mega Pack/FBX/Kitchen/Refrigerator07.fbx",52412,3,1545,1438,3,False,Off,True,False,1
"Assets/Furniture Mega Pack/FBX/Kitchen/Sink01.fbx",117964,4,3060,3400,4,False,Off,True,False,1
"Assets/Furniture Mega Pack/FBX/Kitchen/Sink02.fbx",104444,4,2716,2966,4,False,Off,True,False,1
"Assets/Furniture Mega Pack/FBX/Kitchen/Sink03.fbx",81372,4,1794,1938,4,False,Off,True,False,1
"Assets/Furniture Mega Pack/FBX/Kitchen/Sink04.fbx",133068,5,3928,4178,5,False,Off,True,False,1
"Assets/Furniture Mega Pack/FBX/Kitchen/Sink05.fbx",145004,5,4413,4594,5,False,Off,True,False,1
"Assets/Furniture Mega Pack/FBX/Kitchen/Sink06.fbx",121724,6,3334,3532,6,False,Off,True,False,1
"Assets/Furniture Mega Pack/FBX/Kitchen/Sink07.fbx",122300,4,3023,3738,4,False,Off,True,False,1
"Assets/Furniture Mega Pack/FBX/Sofa/SectionalSofaFabric.fbx",670172,7,16520,26640,7,False,Off,True,False,1
"Assets/Furniture Mega Pack/FBX/Sofa/SectionalSofaLeather.fbx",1031084,6,25152,41182,6,False,Off,True,False,1
"Assets/Furniture Mega Pack/FBX/Sofa/Sofa01.fbx",1218700,1,27892,49568,1,False,Off,True,False,1
"Assets/Furniture Mega Pack/FBX/Sofa/Sofa02.fbx",565820,1,13179,22912,1,False,Off,True,False,1
"Assets/Furniture Mega Pack/FBX/Sofa/Sofa03.fbx",489756,1,10505,18088,1,False,Off,True,False,1
"Assets/Furniture Mega Pack/FBX/Sofa/Sofa04.fbx",209356,1,4305,7200,1,False,Off,True,False,1
"Assets/Furniture Mega Pack/FBX/Sofa/Sofa05.fbx",115724,1,2065,3488,1,False,Off,True,False,1
"Assets/Furniture Mega Pack/FBX/Sofa/Sofa06.fbx",275868,1,5698,9592,1,False,Off,True,False,1
"Assets/Furniture Mega Pack/FBX/Sofa/Sofa07.fbx",178188,1,3577,5944,1,False,Off,True,False,1
"Assets/Furniture Mega Pack/FBX/Sofa/Sofa08.fbx",363340,1,8031,13528,1,False,Off,True,False,1
"Assets/Furniture Mega Pack/FBX/Sofa/Sofa09.fbx",241772,1,5432,9032,1,False,Off,True,False,1
"Assets/Furniture Mega Pack/FBX/Sofa/Sofa10.fbx",85532,1,1684,2696,1,False,Off,True,False,1
"Assets/Furniture Mega Pack/FBX/Sofa/Sofa11.fbx",6902620,1,148739,289704,1,False,Off,True,False,1
"Assets/Furniture Mega Pack/FBX/Sofa/Sofa12.fbx",3673260,1,75607,148280,1,False,Off,True,False,1
"Assets/Furniture Mega Pack/FBX/Sofa/Sofa13.fbx",1397324,1,29285,56216,1,False,Off,True,False,1
"Assets/Furniture Mega Pack/FBX/Sofa/Sofa14.fbx",1606252,1,33020,63768,1,False,Off,True,False,1
"Assets/Furniture Mega Pack/FBX/Sofa/Sofa15.fbx",1120892,1,23534,44328,1,False,Off,True,False,1
"Assets/Furniture Mega Pack/FBX/Sofa/Sofa16.fbx",548044,1,12918,21176,1,False,Off,True,False,1
"Assets/Furniture Mega Pack/FBX/Sofa/Sofa17.fbx",527852,1,12355,20744,1,False,Off,True,False,1
"Assets/Furniture Mega Pack/FBX/Sofa/Sofa18.fbx",317516,1,7100,11976,1,False,Off,True,False,1
"Assets/Furniture Mega Pack/FBX/Sofa/Sofa19.fbx",352284,1,8982,14696,1,False,Off,True,False,1
"Assets/Furniture Mega Pack/FBX/Sofa/Sofa20.fbx",249500,1,6420,10312,1,False,Off,True,False,1
"Assets/Furniture Mega Pack/FBX/Sofa/Sofa21.fbx",171868,1,3397,5732,1,False,Off,True,False,1
"Assets/Furniture Mega Pack/FBX/Sofa/Sofa22.fbx",198956,1,4039,6904,1,False,Off,True,False,1
"Assets/Furniture Mega Pack/FBX/Sofa/Sofa23.fbx",470812,1,10527,17012,1,False,Off,True,False,1
"Assets/Furniture Mega Pack/FBX/Sofa/Sofa24.fbx",634556,1,15397,26172,1,False,Off,True,False,1
"Assets/Furniture Mega Pack/FBX/Sofa/Sofa25.fbx",1362220,1,29734,54824,1,False,Off,True,False,1
"Assets/Furniture Mega Pack/FBX/Sofa/Sofa26.fbx",194972,1,3744,6040,1,False,Off,True,False,1
"Assets/Furniture Mega Pack/FBX/Sofa/Sofa27.fbx",235996,1,4734,8112,1,False,Off,True,False,1
"Assets/Furniture Mega Pack/FBX/Sofa/Sofa28.fbx",169228,1,3228,5648,1,False,Off,True,False,1
"Assets/Furniture Mega Pack/FBX/Sofa/Sofa29.fbx",149500,1,2879,5000,1,False,Off,True,False,1
"Assets/Furniture Mega Pack/FBX/Sofa/Sofa30.fbx",99756,1,1844,3080,1,False,Off,True,False,1
"Assets/Furniture Mega Pack/FBX/Sofa/Sofa31.fbx",349084,1,7683,12776,1,False,Off,True,False,1
"Assets/Furniture Mega Pack/FBX/Sofa/Sofa32.fbx",240636,1,5185,8456,1,False,Off,True,False,1
"Assets/Furniture Mega Pack/FBX/Sofa/Sofa33.fbx",462764,1,10123,16936,1,False,Off,True,False,1
"Assets/Furniture Mega Pack/FBX/Sofa/Sofa34.fbx",739868,1,14572,26768,1,False,Off,True,False,1
"Assets/Furniture Mega Pack/FBX/Sofa/Sofa35.fbx",1315500,1,26380,48968,1,False,Off,True,False,1
"Assets/Furniture Mega Pack/FBX/Sofa/Sofa36.fbx",268268,1,5738,9592,1,False,Off,True,False,1
"Assets/Furniture Mega Pack/FBX/Sofa/Sofa37.fbx",176508,1,3586,5944,1,False,Off,True,False,1
"Assets/Furniture Mega Pack/FBX/Table/Table01.fbx",19980,1,152,76,1,False,Off,True,False,1
"Assets/Furniture Mega Pack/FBX/Table/Table02.fbx",20012,1,152,76,1,False,Off,True,False,1
"Assets/Furniture Mega Pack/FBX/Table/Table03.fbx",20572,1,200,100,1,False,Off,True,False,1
"Assets/Furniture Mega Pack/FBX/Table/Table04.fbx",45532,1,812,1188,1,False,Off,True,False,1
"Assets/Furniture Mega Pack/FBX/Table/Table05.fbx",19612,1,120,60,1,False,Off,True,False,1
"Assets/Furniture Mega Pack/FBX/Table/Table06.fbx",20588,1,168,128,1,False,Off,True,False,1
"Assets/Furniture Mega Pack/FBX/Table/Table07.fbx",20940,1,208,144,1,False,Off,True,False,1
"Assets/Furniture Mega Pack/FBX/Table/Table08.fbx",23452,1,336,264,1,False,Off,True,False,1
"Assets/Furniture Mega Pack/FBX/Table/Table09.fbx",22124,1,256,200,1,False,Off,True,False,1
"Assets/Furniture Mega Pack/FBX/Table/Table10.fbx",21916,1,264,192,1,False,Off,True,False,1
"Assets/Furniture Mega Pack/FBX/Table/Table11.fbx",177020,1,3976,6780,1,False,Off,True,False,1
"Assets/Furniture Mega Pack/FBX/Table/Table12.fbx",167148,1,3576,6212,1,False,Off,True,False,1
"Assets/Furniture Mega Pack/FBX/Table/Table13.fbx",178476,1,3924,6588,1,False,Off,True,False,1
"Assets/Furniture Mega Pack/FBX/Table/Table14.fbx",222956,1,4964,8508,1,False,Off,True,False,1
"Assets/Furniture Mega Pack/FBX/Table/Table15.fbx",95180,1,2208,3420,1,False,Off,True,False,1
"Assets/Furniture Mega Pack/FBX/Table/Table16.fbx",237276,1,5236,9204,1,False,Off,True,False,1
"Assets/Furniture Mega Pack/FBX/Table/Table17.fbx",366204,1,7668,14332,1,False,Off,True,False,1
"Assets/Furniture Mega Pack/FBX/Table/Table18.fbx",122796,1,2352,4108,1,False,Off,True,False,1
"Assets/Furniture Mega Pack/FBX/Table/Table19.fbx",192540,1,4084,7092,1,False,Off,True,False,1
"Assets/Furniture Mega Pack/FBX/Table/Table20.fbx",89676,1,1904,3060,1,False,Off,True,False,1
"Assets/Furniture Mega Pack/FBX/Table/Table21.fbx",36860,1,658,860,1,False,Off,True,False,1
"Assets/Furniture Mega Pack/FBX/Table/Table22.fbx",36412,1,650,922,1,False,Off,True,False,1
"Assets/Furniture Mega Pack/FBX/Table/Table23.fbx",37948,1,648,828,1,False,Off,True,False,1
"Assets/Furniture Mega Pack/FBX/Table/Table24.fbx",204700,1,4370,6990,1,False,Off,True,False,1
"Assets/Furniture Mega Pack/FBX/Table/Table25.fbx",167388,1,4029,6414,1,False,Off,True,False,1
"Assets/Furniture Mega Pack/FBX/Table/Table26.fbx",39868,1,848,992,1,False,Off,True,False,1
"Assets/Furniture Mega Pack/FBX/Table/Table27.fbx",36428,1,680,864,1,False,Off,True,False,1
"Assets/Furniture Mega Pack/FBX/Table/Table28.fbx",35500,1,600,804,1,False,Off,True,False,1
"Assets/Furniture Mega Pack/FBX/Table/Table29.fbx",84140,1,1960,3130,1,False,Off,True,False,1
"Assets/Furniture Mega Pack/FBX/Table/Table30.fbx",47916,1,1074,1560,1,False,Off,True,False,1
"Assets/Furniture Mega Pack/FBX/Table/Table31.fbx",23036,1,240,184,1,False,Off,True,False,1
"Assets/Furniture Mega Pack/FBX/Table/Table32.fbx",52860,1,1142,1688,1,False,Off,True,False,1
"Assets/Furniture Mega Pack/FBX/Table/Table33.fbx",19660,1,128,64,1,False,Off,True,False,1
"Assets/Furniture Mega Pack/FBX/Table/Table34.fbx",19996,1,134,92,1,False,Off,True,False,1
"Assets/Furniture Mega Pack/FBX/Table/Table35.fbx",53788,1,1130,1432,1,False,Off,True,False,1
"Assets/Furniture Mega Pack/FBX/Table/Table36.fbx",120396,1,2537,4072,1,False,Off,True,False,1
"Assets/Furniture Mega Pack/FBX/Table/Table37.fbx",21148,1,228,162,1,False,Off,True,False,1
"Assets/Furniture Mega Pack/FBX/Table/Table38.fbx",123868,1,2836,4672,1,False,Off,True,False,1
"Assets/Furniture Mega Pack/FBX/Table/Table39.fbx",138684,1,3600,5088,1,False,Off,True,False,1
"Assets/Furniture Mega Pack/FBX/Table/Table40.fbx",79340,1,1900,2676,1,False,Off,True,False,1
"Assets/Furniture Mega Pack/FBX/Table/Table41.fbx",98636,1,2145,3176,1,False,Off,True,False,1
"Assets/Furniture Mega Pack/FBX/Table/Table42.fbx",84876,1,1914,2664,1,False,Off,True,False,1
"Assets/Furniture Mega Pack/FBX/Table/Table43.fbx",64812,1,1630,2132,1,False,Off,True,False,1
"Assets/Furniture Mega Pack/FBX/Table/Table44.fbx",59148,1,1197,1818,1,False,Off,True,False,1
"Assets/Furniture Mega Pack/FBX/Table/Table45.fbx",203036,1,5842,8864,1,False,Off,True,False,1
"Assets/Furniture Mega Pack/FBX/Table/Table46.fbx",237228,1,13002,11056,1,False,Off,True,False,1
"Assets/Furniture Mega Pack/FBX/Table/Table47.fbx",107452,1,2040,3324,1,False,Off,True,False,1
"Assets/Furniture Mega Pack/FBX/Table/Table48.fbx",42204,1,1025,1176,1,False,Off,True,False,1
"Assets/Furniture Mega Pack/FBX/Table/Table49.fbx",45740,1,1186,1392,1,False,Off,True,False,1
"Assets/Furniture Mega Pack/FBX/Table/Table50.fbx",493692,1,12030,20280,1,False,Off,True,False,1
"Assets/Idyllic Italian Coast Town/Meshes/Buildings/SM_building_gate.fbx",678704,1,20942,12600,10,False,Off,True,False,1
"Assets/Idyllic Italian Coast Town/Meshes/Buildings/SM_building_modular_floor_2x1_03.fbx",281840,1,1410,858,2,False,Off,True,False,1
"Assets/Idyllic Italian Coast Town/Meshes/Buildings/SM_building_modular_roof_2x1_01.fbx",403056,1,6770,5110,4,False,Off,True,False,1
"Assets/Idyllic Italian Coast Town/Meshes/Buildings/SM_church_italy.fbx",1139008,1,39483,31127,7,False,Off,True,False,1
"Assets/Idyllic Italian Coast Town/Meshes/Modular/SM_street_01.fbx",117856,1,4612,1730,2,False,Off,True,False,1
"Assets/Idyllic Italian Coast Town/Meshes/Modular/SM_wall_base.fbx",45184,1,216,300,1,False,Off,True,False,1
"Assets/Idyllic Italian Coast Town/Meshes/Modular/SM_wall_pillar.fbx",86000,1,756,946,2,False,Off,True,False,1
"Assets/Idyllic Italian Coast Town/Meshes/Props/SM_boat_pylon.fbx",87536,1,1331,1260,1,False,Off,True,False,1
"Assets/Idyllic Italian Coast Town/Meshes/Props/SM_chair_02.fbx",77968,1,1057,1100,1,False,Off,True,False,1
"Assets/Idyllic Italian Coast Town/Meshes/Props/SM_fence_02.fbx",49504,1,576,516,1,False,Off,True,False,1
"Assets/Idyllic Italian Coast Town/Meshes/Props/SM_fence_03.fbx",106464,1,3160,3400,1,False,Off,True,False,1
"Assets/Idyllic Italian Coast Town/Meshes/Props/SM_fence_rounded.fbx",118560,1,3600,3300,1,False,Off,True,False,1
"Assets/Idyllic Italian Coast Town/Meshes/Props/SM_flowerpot_04.fbx",147904,1,569,602,3,False,Off,True,False,1
"Assets/Idyllic Italian Coast Town/Meshes/Props/SM_table_cafe_square.fbx",45280,1,168,116,1,False,Off,True,False,1
"Assets/LowPolyLivingRoomPack/Meshes/Lamp_Tall.fbx",22076,1,343,178,1,False,Off,True,False,1
"Assets/LowPolyLivingRoomPack/Meshes/Speaker_Floor.fbx",22652,1,366,208,1,False,Off,True,False,1
"Assets/LowPolyLivingRoomPack/Meshes/Speaker_Soundbar.fbx",18556,1,38,20,1,False,Off,True,False,1
"Assets/LowPolyLivingRoomPack/Meshes/Stereo_Speaker.fbx",22204,1,313,184,1,False,Off,True,False,1
"Assets/My_Custom/SecurityCamera_LowPoly.fbx",35148,1,1596,824,7,False,Off,True,False,1
"Assets/Pandazole_Ultimate_Pack/Pandazole Farm Ranch Pack/Models/Env_GrassPlant_05.fbx",25100,1,204,264,1,False,Off,True,False,1
"Assets/Pandazole_Ultimate_Pack/Pandazole Farm Ranch Pack/Models/Env_Well_01.fbx",52972,1,3072,1408,1,False,Off,True,False,1
"Assets/Pandazole_Ultimate_Pack/Pandazole Farm Ranch Pack/Models/Prop_Bucket_04.fbx",32844,1,770,408,1,False,Off,True,False,1
"Assets/Pandazole_Ultimate_Pack/Pandazole Farm Ranch Pack/Models/Prop_WateringCan_02.fbx",27612,1,436,368,1,False,Off,True,False,1
"Assets/Pandazole_Ultimate_Pack/Pandazole Farm Ranch Pack/Models/Prop_WoodenCrates_04.fbx",20524,1,312,156,1,False,Off,True,False,1
"Assets/picture-frame/source/pictureframe.fbx",2166880,1,184,100,1,False,Off,True,False,1
"Assets/Samples/XR Interaction Toolkit/3.3.1/Starter Assets/DemoSceneAssets/Models/Primitive_Pyramid.fbx",21632,1,16,6,1,False,Off,True,False,1
"Assets/Samples/XR Interaction Toolkit/3.3.1/Starter Assets/Models/BlinkVisual.fbx",34416,1,690,644,1,False,Off,True,False,1
"Assets/Samples/XR Interaction Toolkit/3.3.1/Starter Assets/Models/Pinch_Pointer_LOD0.fbx",36156,1,546,1088,1,False,Off,True,False,1
"Assets/Samples/XR Interaction Toolkit/3.3.1/Starter Assets/Models/Reticle_Torus.fbx",33056,1,429,768,1,False,Off,True,False,1
"Assets/Samples/XR Interaction Toolkit/3.3.1/Starter Assets/Models/UniversalController.fbx",317024,9,4763,6928,9,False,Off,True,False,1
"Assets/SimpleNaturePack/Models/Branch_01.fbx",20652,1,198,66,1,False,Off,False,False,1
"Assets/SimpleNaturePack/Models/Bush_01.fbx",24940,2,372,124,2,False,Off,False,False,1
"Assets/SimpleNaturePack/Models/Bush_02.fbx",24252,2,316,118,2,False,Off,False,False,1
"Assets/SimpleNaturePack/Models/Bush_03.fbx",51388,2,2124,979,2,False,Off,False,False,1
"Assets/SimpleNaturePack/Models/Flowers_01.fbx",39036,2,1338,624,2,False,Off,False,False,1
"Assets/SimpleNaturePack/Models/Flowers_02.fbx",45388,2,1844,870,2,False,Off,False,False,1
"Assets/SimpleNaturePack/Models/Grass_01.fbx",29004,2,612,260,2,False,Off,False,False,1
"Assets/SimpleNaturePack/Models/Grass_02.fbx",24444,2,254,118,2,False,Off,False,False,1
"Assets/SimpleNaturePack/Models/Ground_01.fbx",35276,1,1319,440,1,False,Off,False,False,1
"Assets/SimpleNaturePack/Models/Ground_02.fbx",35436,1,1319,440,1,False,Off,False,False,1
"Assets/SimpleNaturePack/Models/Ground_03.fbx",35132,1,1316,440,1,False,Off,False,False,1
"Assets/SimpleNaturePack/Models/Mushroom_01.fbx",34908,2,1096,382,2,False,Off,False,False,1
"Assets/SimpleNaturePack/Models/Mushroom_02.fbx",23996,2,242,114,2,False,Off,False,False,1
"Assets/SimpleNaturePack/Models/Rock_01.fbx",19196,1,84,28,1,False,Off,False,False,1
"Assets/SimpleNaturePack/Models/Rock_02.fbx",19100,1,78,26,1,False,Off,False,False,1
"Assets/SimpleNaturePack/Models/Rock_03.fbx",18908,1,60,20,1,False,Off,False,False,1
"Assets/SimpleNaturePack/Models/Rock_04.fbx",19196,1,84,28,1,False,Off,False,False,1
"Assets/SimpleNaturePack/Models/Rock_05.fbx",19980,1,132,76,1,False,Off,False,False,1
"Assets/SimpleNaturePack/Models/Stump_01.fbx",27340,2,508,170,2,False,Off,False,False,1
"Assets/SimpleNaturePack/Models/Tree_01.fbx",46972,2,1969,658,2,False,Off,False,False,1
"Assets/SimpleNaturePack/Models/Tree_02.fbx",47484,2,1642,692,2,False,Off,False,False,1
"Assets/SimpleNaturePack/Models/Tree_03.fbx",43388,2,1423,504,2,False,Off,False,False,1
"Assets/SimpleNaturePack/Models/Tree_04.fbx",47548,2,1415,658,2,False,Off,False,False,1
"Assets/SimpleNaturePack/Models/Tree_05.fbx",30780,2,740,332,2,False,Off,False,False,1
"Assets/SubstanceAssets/LittleGamesPack/Models/Dominos/Domino_0-0.fbx",26892,2,107,102,2,False,Off,True,False,1.2
"Assets/SubstanceAssets/LittleGamesPack/Models/Dominos/Domino_0-1.fbx",26348,2,88,76,2,False,Off,True,False,1.2
"Assets/SubstanceAssets/LittleGamesPack/Models/Dominos/Domino_0-3.fbx",26348,2,88,76,2,False,Off,True,False,1.2
"Assets/SubstanceAssets/LittleGamesPack/Models/Dominos/Domino_0-5.fbx",26332,2,88,76,2,False,Off,True,False,1.2
"Assets/SubstanceAssets/LittleGamesPack/Models/Dominos/Domino_1-2.fbx",26204,2,86,76,2,False,Off,True,False,1.2
"Assets/SubstanceAssets/LittleGamesPack/Models/Dominos/Domino_1-4.fbx",26220,2,86,76,2,False,Off,True,False,1.2
"Assets/SubstanceAssets/LittleGamesPack/Models/Dominos/Domino_1-6.fbx",26220,2,86,76,2,False,Off,True,False,1.2
"Assets/SubstanceAssets/LittleGamesPack/Models/Dominos/Domino_2-3.fbx",26188,2,86,76,2,False,Off,True,False,1.2
"Assets/SubstanceAssets/LittleGamesPack/Models/Dominos/Domino_2-4.fbx",26156,2,86,76,2,False,Off,True,False,1.2
"Assets/SubstanceAssets/LittleGamesPack/Models/Dominos/Domino_2-5.fbx",26188,2,86,76,2,False,Off,True,False,1.2
"Assets/SubstanceAssets/LittleGamesPack/Models/Dominos/Domino_3-3.fbx",26188,2,86,76,2,False,Off,True,False,1.2
"Assets/SubstanceAssets/LittleGamesPack/Models/Dominos/Domino_3-5.fbx",26188,2,86,76,2,False,Off,True,False,1.2
"Assets/SubstanceAssets/LittleGamesPack/Models/Dominos/Domino_4-5.fbx",26204,2,86,76,2,False,Off,True,False,1.2
"Assets/SubstanceAssets/LittleGamesPack/Models/Dominos/Domino_4-6.fbx",26204,2,86,76,2,False,Off,True,False,1.2
"Assets/SubstanceAssets/LittleGamesPack/Models/Dominos/Domino_5-5.fbx",26252,2,86,76,2,False,Off,True,False,1.2
"Assets/SubstanceAssets/LittleGamesPack/Models/Dominos/Domino_6-6.fbx",26188,2,86,76,2,False,Off,True,False,1.2
"Assets/UnityTechnologies/Basic Asset Pack Interior/Models/BedPillow.FBX",22768,1,110,128,1,False,Off,True,False,1
"Assets/UnityTechnologies/Basic Asset Pack Interior/Models/Floor/Floor4m.FBX",17440,1,24,12,1,False,Off,True,False,1
"Assets/UnityTechnologies/Basic Asset Pack Interior/Models/Floor/RugDoorMat.FBX",19184,1,72,36,1,False,Off,True,False,1
"Assets/UnityTechnologies/Basic Asset Pack Interior/Models/LampTall.FBX",38256,3,602,446,3,False,Off,True,False,1
"Assets/UnityTechnologies/Basic Asset Pack Interior/Models/LightBulb.FBX",21680,1,159,156,1,False,Off,True,False,1
"Assets/UnityTechnologies/Basic Asset Pack Interior/Models/PlantPotMedium.FBX",25168,1,350,220,1,False,Off,True,False,1
"Assets/UnityTechnologies/Basic Asset Pack Interior/Models/PlantPotRoundMedium.FBX",25392,1,327,220,1,False,Off,True,False,1
"Assets/UnityTechnologies/Basic Asset Pack Interior/Models/PlantSnakeLarge.FBX",36544,1,684,612,1,False,Off,True,False,1
"Assets/UnityTechnologies/Basic Asset Pack Interior/Models/TableRectangleShort.FBX",19664,1,144,72,1,False,Off,True,False,1
"Assets/UnityTechnologies/Basic Asset Pack Interior/Models/Walls/WallWindow2m.FBX",32480,4,196,112,4,False,Off,True,False,1
"Assets/UnityTechnologies/Basic Asset Pack Interior/Models/Walls/WallWindow2mCurtain.FBX",28864,2,256,172,2,False,Off,True,False,1
"Assets/UnityTechnologies/Basic Asset Pack Interior/Models/Walls/WallWindow4mCurtain.FBX",29936,2,326,216,2,False,Off,True,False,1
"Assets/UnityTechnologies/Basic Asset Pack Interior/Models/Walls/WallWindowBay4m.FBX",48208,6,540,374,6,False,Off,True,False,1
"Assets/UnityTechnologies/Basic Asset Pack Interior/Models/Walls/WallWindowBay4mCurtain.FBX",34112,2,522,384,2,False,Off,True,False,1
"Assets/UnityTechnologies/Basic Asset Pack Interior/Models/Walls/WallWindowTall4m.FBX",35248,4,288,168,4,False,Off,True,False,1
"Packages/com.unity.render-pipelines.high-definition/Runtime/RenderPipelineResources/Mesh/Cylinder.fbx",12572,1,192,124,1,False,Off,True,False,1
"Packages/com.unity.render-pipelines.high-definition/Runtime/RenderPipelineResources/Mesh/Disc.fbx",42464,1,801,800,1,True,Off,True,False,1
"Packages/com.unity.render-pipelines.high-definition/Runtime/RenderPipelineResources/Mesh/HumanEyeModel.fbx",55472,1,706,1344,1,False,Off,True,False,1
"Packages/com.unity.render-pipelines.high-definition/Runtime/RenderPipelineResources/Mesh/Quad.fbx",16144,1,4,2,1,True,Off,True,False,1
"Packages/com.unity.render-pipelines.high-definition/Runtime/RenderPipelineResources/Mesh/Sphere.fbx",51632,1,673,1280,1,True,Off,True,False,1
"Packages/com.unity.render-pipelines.high-definition/Runtime/RenderPipelineResources/Mesh/TestBall.fbx",485436,1,9907,18688,3,True,Off,True,False,1
"Packages/com.unity.render-pipelines.high-definition/Runtime/RenderPipelineResources/Mesh/TestBall_Base.fbx",19420,1,33,32,1,True,Off,True,False,1
"Packages/com.unity.render-pipelines.core/Editor/Resources/DebugProbe.fbx",20572,1,205,320,1,False,Off,True,False,1
"Packages/com.unity.render-pipelines.core/Runtime/Debug/ProbeSamplingDebugMesh.fbx",21068,1,304,414,1,False,Off,True,False,1
"Packages/com.unity.render-pipelines.core/Runtime/RenderPipelineResources/Mesh/BackgroundMesh.fbx",55020,1,1356,1792,1,False,Off,True,False,1
"Packages/com.unity.render-pipelines.core/Runtime/RenderPipelineResources/Mesh/SamplesFixture.fbx",19452,1,119,140,2,False,Off,True,False,1
"Packages/com.unity.render-pipelines.core/Runtime/RenderPipelineResources/Mesh/SamplesFloorSpotlight.fbx",37484,2,640,724,3,False,Off,True,False,1
"Packages/com.unity.render-pipelines.core/Runtime/RenderPipelineResources/Mesh/SamplesSpotlightModel.fbx",249644,8,6973,6990,8,False,Off,True,False,1
"Packages/com.unity.render-pipelines.core/Runtime/RenderPipelineResources/Mesh/UnityMaterialBall.fbx",1525376,11,23819,39270,11,False,Off,False,False,1
