scene,rootObjects,gameObjects,renderers,meshRenderers,skinnedMeshRenderers,meshFilters,uniqueMeshes,totalRendererVertices,totalRendererTriangles,materials,uniqueMaterials,shadowCasters,receiveShadows,meshColliders,meshColliderTriangles,boxColliders,sphereColliders,capsuleColliders,terrainCount,terrainApproxTriangles,terrainTrees,terrainDetails,lights,realtimeLights,bakedLights,mixedLights,reflectionProbes,lightProbes,lodGroups,particleSystems,canvases,cameras,videoPlayers,audioSources,renderTexturesReferenced,staticRendererCount,occlusionStaticCount
"Assets/_Recovery/0 (1).unity",2,2,0,0,0,0,0,0,0,0,0,0,0,0,0,0,0,0,0,0,0,0,0,0,0,0,0,0,0,0,0,1,0,0,0,0,0
"Assets/_Recovery/0 (2).unity",2,2,0,0,0,0,0,0,0,0,0,0,0,0,0,0,0,0,0,0,0,0,0,0,0,0,0,0,0,0,0,1,0,0,0,0,0
"Assets/_Recovery/0 (3).unity",5,2966,2046,1940,83,1946,316,2189964,2728090,2140,305,1939,2026,388,466240,89,1,0,1,524288,66,8,2,2,0,0,0,0,144,0,39,2,7,10,1,81,81
"Assets/_Recovery/0.unity",0,0,0,0,0,0,0,0,0,0,0,0,0,0,0,0,0,0,0,0,0,0,0,0,0,0,0,0,0,0,0,0,0,0,0,0,0
"Assets/Animated Tropical Vegetation/DemoScene.unity",9,1022,100,54,46,54,54,32104,30974,154,44,56,100,3,419,0,0,1,0,0,0,0,1,1,0,0,0,0,26,0,3,1,0,0,0,0,0
"Assets/BCaT/Exhibits/BlackKitchen/Scenes/BlackKitchen_MemoryScene.unity",8,110,27,21,2,28,12,489216,676436,27,7,22,26,0,0,15,0,0,0,0,0,0,1,1,0,0,0,0,0,0,2,2,0,6,0,0,0
"Assets/BCaT/SceneTransitions/Scenes/LoadingScene.unity",2,2,0,0,0,0,0,0,0,0,0,0,0,0,0,0,0,0,0,0,0,0,0,0,0,0,0,0,0,0,0,1,0,0,0,0,0
"Assets/BH_XR_MainScene.unity",5,2966,2046,1940,83,1946,316,2189964,2728090,2140,305,1939,2026,388,466240,89,1,0,1,524288,66,8,2,2,0,0,0,0,144,0,39,2,7,10,1,81,81
"Assets/BrokenVector/LowPolyFencePack/Scenes/All Fences Example.unity",6,43,20,17,3,17,14,6119,3308,20,4,20,20,17,2576,3,0,0,0,0,0,0,1,1,0,0,0,0,0,0,0,1,0,0,0,0,0
"Assets/BrokenVector/LowPolyFencePack/Scenes/Animated Doors Example.unity",6,24,4,1,3,1,1,1549,932,4,2,4,4,1,200,3,0,0,0,0,0,0,1,1,0,0,0,0,0,0,0,1,0,0,0,0,0
"Assets/Coconut Palm Tree Pack/Coconut Palm Tree Pack.unity",5,43,37,37,0,37,24,64674,55728,60,4,37,37,1,200,0,0,36,0,0,0,0,1,1,0,0,0,0,2,0,0,0,0,0,0,0,0
"Assets/DevDen Arch Viz Scotland/Scenes/ArchViz.unity",9,532,440,440,0,440,320,223262,243316,508,145,440,440,16,25232,0,0,0,0,0,0,0,8,0,7,1,8,1,0,0,0,1,0,0,0,430,430
"Assets/Emilulz_Assets/DEMOLowPolyFlowers/DemoScene/DemoLowpolyFlowers.unity",7,7,5,5,0,5,5,1814,2200,5,1,5,5,0,0,0,0,0,0,0,0,0,1,1,0,0,0,0,0,0,0,1,0,0,0,0,0
"Assets/Food Pack-Demo/Scenes/DemoScene.unity",58,58,56,56,0,56,56,33260,15333,59,3,56,56,1,200,0,0,0,0,0,0,0,1,1,0,0,0,0,0,0,0,1,0,0,0,0,0
"Assets/Furniture Mega Pack/Scenes/Furniture Mega Pack.unity",15,1662,1137,1137,0,1137,1137,2580987,4202573,1137,156,1137,1137,1,200,0,0,0,0,0,0,0,1,1,0,0,1,0,0,0,0,2,0,0,0,0,0
"Assets/SimpleNaturePack/Scenes/SimpleNaturePack_Demo.unity",3,315,221,221,0,221,37,123912,50210,221,1,221,221,45,8490,88,0,0,0,0,0,0,1,1,0,0,0,0,88,0,0,3,0,0,0,0,0
"Assets/SimpleNaturePack/Scenes/SimpleNaturePack_Overview.unity",3,60,40,40,0,40,40,20606,8367,40,2,40,40,10,1764,15,0,0,0,0,0,0,1,1,0,0,0,0,15,0,0,2,0,0,0,0,0
"Packages/com.unity.addressables/Tests/Editor/Expected/~GroupEditorTests_Group.unity",ERROR:"Cannot open scene with path ""Packages/com.unity.addressables/Tests/Editor/Expected/~GroupEditorTests_Group.unity""."
"Packages/com.unity.addressables/Tests/Editor/Expected/~SerializationTests_AddressableAssetSettings.ccd2.unity",ERROR:"Cannot open scene with path ""Packages/com.unity.addressables/Tests/Editor/Expected/~SerializationTests_AddressableAssetSettings.ccd2.unity""."
"Packages/com.unity.addressables/Tests/Editor/Expected/~SerializationTests_AddressableAssetSettings.ccd3.unity",ERROR:"Cannot open scene with path ""Packages/com.unity.addressables/Tests/Editor/Expected/~SerializationTests_AddressableAssetSettings.ccd3.unity""."
"Packages/com.unity.addressables/Tests/Editor/Expected/~SerializationTests_AddressableAssetSettings.unity",ERROR:"Cannot open scene with path ""Packages/com.unity.addressables/Tests/Editor/Expected/~SerializationTests_AddressableAssetSettings.unity""."
"Packages/com.unity.addressables/Tests/Editor/Expected/~SerializationTests_AddressableAssetSettings_62.ccd2.unity",ERROR:"Cannot open scene with path ""Packages/com.unity.addressables/Tests/Editor/Expected/~SerializationTests_AddressableAssetSettings_62.ccd2.unity""."
"Packages/com.unity.addressables/Tests/Editor/Expected/~SerializationTests_AddressableAssetSettings_62.ccd3.unity",ERROR:"Cannot open scene with path ""Packages/com.unity.addressables/Tests/Editor/Expected/~SerializationTests_AddressableAssetSettings_62.ccd3.unity""."
"Packages/com.unity.addressables/Tests/Editor/Expected/~SerializationTests_AddressableAssetSettings_62.unity",ERROR:"Cannot open scene with path ""Packages/com.unity.addressables/Tests/Editor/Expected/~SerializationTests_AddressableAssetSettings_62.unity""."
"Packages/com.unity.addressables/Tests/Editor/Expected/~SerializationTests_AddressableAssetSettings_65.ccd2.unity",ERROR:"Cannot open scene with path ""Packages/com.unity.addressables/Tests/Editor/Expected/~SerializationTests_AddressableAssetSettings_65.ccd2.unity""."
"Packages/com.unity.addressables/Tests/Editor/Expected/~SerializationTests_AddressableAssetSettings_65.ccd3.unity",ERROR:"Cannot open scene with path ""Packages/com.unity.addressables/Tests/Editor/Expected/~SerializationTests_AddressableAssetSettings_65.ccd3.unity""."
"Packages/com.unity.addressables/Tests/Editor/Expected/~SerializationTests_AddressableAssetSettings_65.unity",ERROR:"Cannot open scene with path ""Packages/com.unity.addressables/Tests/Editor/Expected/~SerializationTests_AddressableAssetSettings_65.unity""."
"Packages/com.unity.addressables/Tests/Editor/Expected/~SerializationTests_Group.unity",ERROR:"Cannot open scene with path ""Packages/com.unity.addressables/Tests/Editor/Expected/~SerializationTests_Group.unity""."
"Packages/com.unity.addressables/Tests/Editor/Expected/~SerializationTests_Group_62.unity",ERROR:"Cannot open scene with path ""Packages/com.unity.addressables/Tests/Editor/Expected/~SerializationTests_Group_62.unity""."
"Packages/com.unity.addressables/Tests/Editor/Expected/~SerializationTests_GroupTemplate.unity",ERROR:"Cannot open scene with path ""Packages/com.unity.addressables/Tests/Editor/Expected/~SerializationTests_GroupTemplate.unity""."
"Packages/com.unity.addressables/Tests/Editor/Expected/~SerializationTests_GroupTemplate_62.unity",ERROR:"Cannot open scene with path ""Packages/com.unity.addressables/Tests/Editor/Expected/~SerializationTests_GroupTemplate_62.unity""."
"Packages/com.unity.addressables/Tests/Editor/Expected/~SerializationTests_ProfileDataSourceSettings.unity",ERROR:"Cannot open scene with path ""Packages/com.unity.addressables/Tests/Editor/Expected/~SerializationTests_ProfileDataSourceSettings.unity""."
"Packages/com.unity.addressables/Tests/Editor/Expected/~SerializationTests_ProfileDataSourceSettings_62.unity",ERROR:"Cannot open scene with path ""Packages/com.unity.addressables/Tests/Editor/Expected/~SerializationTests_ProfileDataSourceSettings_62.unity""."
"Packages/com.unity.render-pipelines.high-definition/Editor/SceneTemplates/Indoors/IndoorsScene.unity",ERROR:"Cannot open scene with path ""Packages/com.unity.render-pipelines.high-definition/Editor/SceneTemplates/Indoors/IndoorsScene.unity""."
"Packages/com.unity.render-pipelines.high-definition/Editor/SceneTemplates/Outdoors/OutdoorsScene.unity",ERROR:"Cannot open scene with path ""Packages/com.unity.render-pipelines.high-definition/Editor/SceneTemplates/Outdoors/OutdoorsScene.unity""."
"Packages/com.unity.render-pipelines.high-definition/Tests/Runtime/Scenes/0010_Volumes.unity",ERROR:"Cannot open scene with path ""Packages/com.unity.render-pipelines.high-definition/Tests/Runtime/Scenes/0010_Volumes.unity""."
"Packages/com.unity.render-pipelines.universal/Editor/SceneTemplates/Basic.unity",ERROR:"Cannot open scene with path ""Packages/com.unity.render-pipelines.universal/Editor/SceneTemplates/Basic.unity""."
"Packages/com.unity.render-pipelines.universal/Editor/SceneTemplates/Indoors.unity",ERROR:"Cannot open scene with path ""Packages/com.unity.render-pipelines.universal/Editor/SceneTemplates/Indoors.unity""."
"Packages/com.unity.render-pipelines.universal/Editor/SceneTemplates/Standard.unity",ERROR:"Cannot open scene with path ""Packages/com.unity.render-pipelines.universal/Editor/SceneTemplates/Standard.unity""."
"Packages/com.unity.xr.core-utils/Tests/Runtime/Scenes/ConvexHullPerformanceTest.unity",ERROR:"Cannot open scene with path ""Packages/com.unity.xr.core-utils/Tests/Runtime/Scenes/ConvexHullPerformanceTest.unity""."
"Packages/com.unity.xr.core-utils/Tests/Runtime/Scenes/CustomApproximatelyPerformanceTest.unity",ERROR:"Cannot open scene with path ""Packages/com.unity.xr.core-utils/Tests/Runtime/Scenes/CustomApproximatelyPerformanceTest.unity""."
"Packages/com.unity.xr.core-utils/Tests/Runtime/Scenes/PointInPolygonPerformanceTest.unity",ERROR:"Cannot open scene with path ""Packages/com.unity.xr.core-utils/Tests/Runtime/Scenes/PointInPolygonPerformanceTest.unity""."
"Packages/com.unity.xr.interaction.toolkit/Tests/Scenes/SceneLoadingTests.Scene0.unity",ERROR:"Cannot open scene with path ""Packages/com.unity.xr.interaction.toolkit/Tests/Scenes/SceneLoadingTests.Scene0.unity""."
"Packages/com.unity.xr.interaction.toolkit/Tests/Scenes/SceneLoadingTests.Scene1.unity",ERROR:"Cannot open scene with path ""Packages/com.unity.xr.interaction.toolkit/Tests/Scenes/SceneLoadingTests.Scene1.unity""."
"Packages/com.unity.xr.interaction.toolkit/Tests/Scenes/SceneLoadingTests.Scene2.unity",ERROR:"Cannot open scene with path ""Packages/com.unity.xr.interaction.toolkit/Tests/Scenes/SceneLoadingTests.Scene2.unity""."
"Packages/com.unity.xr.interaction.toolkit/Tests/Scenes/SceneLoadingTests.Scene3.unity",ERROR:"Cannot open scene with path ""Packages/com.unity.xr.interaction.toolkit/Tests/Scenes/SceneLoadingTests.Scene3.unity""."
"Packages/com.unity.xr.interaction.toolkit/Tests/Scenes/SceneLoadingTests.Scene4.unity",ERROR:"Cannot open scene with path ""Packages/com.unity.xr.interaction.toolkit/Tests/Scenes/SceneLoadingTests.Scene4.unity""."
"Packages/com.unity.xr.interaction.toolkit/Tests/Scenes/SceneLoadingTests.Scene5.unity",ERROR:"Cannot open scene with path ""Packages/com.unity.xr.interaction.toolkit/Tests/Scenes/SceneLoadingTests.Scene5.unity""."
"Packages/com.unity.xr.interaction.toolkit/Tests/Scenes/SceneLoadingTests.Scene6.unity",ERROR:"Cannot open scene with path ""Packages/com.unity.xr.interaction.toolkit/Tests/Scenes/SceneLoadingTests.Scene6.unity""."
"Packages/com.unity.xr.interaction.toolkit/Tests/Scenes/SceneLoadingTests.Scene7.unity",ERROR:"Cannot open scene with path ""Packages/com.unity.xr.interaction.toolkit/Tests/Scenes/SceneLoadingTests.Scene7.unity""."
"Packages/com.unity.xr.interaction.toolkit/Tests/Scenes/SceneLoadingTests.Scene8.unity",ERROR:"Cannot open scene with path ""Packages/com.unity.xr.interaction.toolkit/Tests/Scenes/SceneLoadingTests.Scene8.unity""."
"Packages/com.unity.xr.interaction.toolkit/Tests/Tests/Conecast Stress Test.unity",ERROR:"Cannot open scene with path ""Packages/com.unity.xr.interaction.toolkit/Tests/Tests/Conecast Stress Test.unity""."
