asset	width	height	previousMax	newWebGLMax
Assets/Coconut Palm Tree Pack/Textures/Coconut_Palm_Tree_diffuse.psd	2048	2048	2048	1024
Assets/danthaigames/DS 80s Television/Textures/TV.png	2048	2048	2048	1024
Assets/danthaigames/DS 80s Television/Textures/TVHandlesSurround.png	2048	2048	2048	1024
Assets/danthaigames/DS 80s Television/Textures/TVScreen.png	2048	2048	2048	1024
Assets/DevDen Arch Viz Scotland/Textures/Bathroom/Bathroom_Glass/glass_glass_Normal.png	2048	2048	2048	1024
Assets/DevDen Arch Viz Scotland/Textures/Bed Room/bedside_carpet/carpet_carpet_AlbedoTransparency.png	2048	2048	2048	1024
Assets/DevDen Arch Viz Scotland/Textures/Common/Interior_props/StudyRoom_BG1.png	2048	2048	2048	1024
Assets/DevDen Arch Viz Scotland/Textures/Common/note_pad/note_pad_note_pad_AlbedoTransparency.png	2048	2048	2048	1024
Assets/DevDen Arch Viz Scotland/Textures/Common/note_pad/note_pad_note_pad_MetallicSmoothness.png	2048	2048	2048	1024
Assets/DevDen Arch Viz Scotland/Textures/Common/note_pad/note_pad_note_pad_Normal.png	2048	2048	2048	1024
Assets/DevDen Arch Viz Scotland/Textures/Common/SmallObj/trash-can_albedo.png	2048	2048	2048	1024
Assets/DevDen Arch Viz Scotland/Textures/Common/SmallObj/trash-can_metal.png	2048	2048	2048	1024
Assets/DevDen Arch Viz Scotland/Textures/Common/SmallObj/trash-can_normal.png	2048	2048	2048	1024
Assets/DevDen Arch Viz Scotland/Textures/Dining Room/dinning_chair/dinning_chair_diining_chair_wood_AlbedoTransparency.png	2048	2048	2048	1024
Assets/DevDen Arch Viz Scotland/Textures/Dining Room/dinning_chair/dinning_chair_diining_chair_wood_AO.png	2048	2048	2048	1024
Assets/DevDen Arch Viz Scotland/Textures/Dining Room/dinning_chair/dinning_chair_diining_chair_wood_MetallicSmoothness.png	2048	2048	2048	1024
Assets/DevDen Arch Viz Scotland/Textures/Dining Room/dinning_chair/dinning_chair_diining_chair_wood_Normal.png	2048	2048	2048	1024
Assets/DevDen Arch Viz Scotland/Textures/Environment/Floor Texture/floor mat 1_Normal.png	2048	2048	2048	1024
Assets/DevDen Arch Viz Scotland/Textures/Kitchen Room/side_piece/side_piece_marble_AlbedoTransparency.png	2048	2048	2048	1024
Assets/DevDen Arch Viz Scotland/Textures/Kitchen Room/side_piece/side_piece_marble_AO.png	2048	2048	2048	1024
Assets/DevDen Arch Viz Scotland/Textures/Kitchen Room/side_piece/side_piece_marble_MetallicSmoothness.png	2048	2048	2048	1024
Assets/DevDen Arch Viz Scotland/Textures/Kitchen Room/side_piece/side_piece_marble_Normal.png	2048	2048	2048	1024
Assets/DevDen Arch Viz Scotland/Textures/Living Room/sofa_2/sofa_2_01 - Default_AlbedoTransparency.png	2048	2048	2048	1024
Assets/DevDen Arch Viz Scotland/Textures/Living Room/sofa_2/sofa_2_01 - Default_AO.png	2048	2048	2048	1024
Assets/DevDen Arch Viz Scotland/Textures/Living Room/sofa_2/sofa_2_01 - Default_MetallicSmoothness.png	2048	2048	2048	1024
Assets/DevDen Arch Viz Scotland/Textures/Living Room/TV_Shelf/TV_Shelf_DefaultMaterial_MetallicSmoothness.png	2048	2048	2048	1024
Assets/DevDen Arch Viz Scotland/Textures/Study Room/imac/Imac_imac_AlbedoTransparency.png	2048	2048	2048	1024
Assets/DevDen Arch Viz Scotland/Textures/Study Room/imac/Imac_imac_AlbedoTransparency_emission.png	2048	2048	2048	1024
Assets/DevDen Arch Viz Scotland/Textures/Study Room/imac/Imac_imac_MetallicSmoothness.png	2048	2048	2048	1024
Assets/DevDen Arch Viz Scotland/Textures/Study Room/imac/Imac_imac_Normal.png	2048	2048	2048	1024
Assets/DevDen Arch Viz Scotland/Textures/Study Room/StudyRoom Carpet/Atlas1_Metallic_Smoothness.png	2048	2048	2048	1024
Assets/DevDen Arch Viz Scotland/Textures/Study Room/StudyRoom Carpet/Atlas_1.png	2048	2048	2048	1024
Assets/DevDen Arch Viz Scotland/Textures/Study Room/StudyRoom Carpet/Emission.png	2048	2048	2048	1024
Assets/DevDen Arch Viz Scotland/Textures/Study Room/table/Study Table_AlbedoTransparency.png	2048	2048	2048	1024
Assets/DevDen Arch Viz Scotland/Textures/Study Room/table/Study Table_AO.png	2048	2048	2048	1024
Assets/DevDen Arch Viz Scotland/Textures/Study Room/table/Study Table_MetallicSmoothness.png	2048	2048	2048	1024
Assets/DevDen Arch Viz Scotland/Textures/Study Room/table/Study Table_Normal.png	2048	2048	2048	1024
Assets/Furniture Mega Pack/Textures/Bathroom/AtlasTexture_BathroomCollection_BathroomCollection_AlbedoTransparency.png	2048	2048	2048	1024
Assets/Furniture Mega Pack/Textures/Bathroom/AtlasTexture_BathroomCollection_BathroomCollection_MetallicSmoothness.png	2048	2048	2048	1024
Assets/Furniture Mega Pack/Textures/Bathroom/AtlasTexture_BathroomCollection_BathroomCollection_Normal.png	2048	2048	2048	1024
Assets/Furniture Mega Pack/Textures/Bed/BedFrame/AtlasTexture_BedFrame_AtlasTexture_BedFrame_AlbedoTransparency.png	2048	2048	2048	1024
Assets/Furniture Mega Pack/Textures/Bed/BedFrame/AtlasTexture_BedFrame_AtlasTexture_BedFrame_MetallicSmoothness.png	2048	2048	2048	1024
Assets/Furniture Mega Pack/Textures/Bed/BedFrame/AtlasTexture_BedFrame_AtlasTexture_BedFrame_Normal.png	2048	2048	2048	1024
Assets/Furniture Mega Pack/Textures/Bed/Blanket/AtlasTexture_Blanket_DefaultMaterial_AlbedoTransparency.png	2048	2048	2048	1024
Assets/Furniture Mega Pack/Textures/Bed/Blanket/AtlasTexture_Blanket_DefaultMaterial_MetallicSmoothness.png	2048	2048	2048	1024
Assets/Furniture Mega Pack/Textures/Bed/Blanket/AtlasTexture_Blanket_DefaultMaterial_Normal.png	2048	2048	2048	1024
Assets/Furniture Mega Pack/Textures/Bed/Mattress/AtlasTexture_Mattress_DefaultMaterial_AlbedoTransparency.png	2048	2048	2048	1024
Assets/Furniture Mega Pack/Textures/Bed/Mattress/AtlasTexture_Mattress_DefaultMaterial_MetallicSmoothness.png	2048	2048	2048	1024
Assets/Furniture Mega Pack/Textures/Bed/Mattress/AtlasTexture_Mattress_DefaultMaterial_Normal.png	2048	2048	2048	1024
Assets/Furniture Mega Pack/Textures/Chairs/Chair09/Chair09_mat_Chair09_AlbedoTransparency.png	2048	2048	2048	1024
Assets/Furniture Mega Pack/Textures/Chairs/Chair09/Chair09_mat_Chair09_MetallicSmoothness.png	2048	2048	2048	1024
Assets/Furniture Mega Pack/Textures/Chairs/Chair09/Chair09_mat_Chair09_Normal.png	2048	2048	2048	1024
Assets/Furniture Mega Pack/Textures/Chairs/Chair26/Chair26_mat_Chair26_AlbedoTransparency.png	2048	2048	2048	1024
Assets/Furniture Mega Pack/Textures/Chairs/Chair26/Chair26_mat_Chair26_MetallicSmoothness.png	2048	2048	2048	1024
Assets/Furniture Mega Pack/Textures/Chairs/Chair26/Chair26_mat_Chair26_Normal.png	2048	2048	2048	1024
Assets/Furniture Mega Pack/Textures/Chairs/Chair37/Chair37_mat_Chair37_AlbedoTransparency.png	2048	2048	2048	1024
Assets/Furniture Mega Pack/Textures/Chairs/Chair37/Chair37_mat_Chair37_MetallicSmoothness.png	2048	2048	2048	1024
Assets/Furniture Mega Pack/Textures/Chairs/Chair37/Chair37_mat_Chair37_Normal.png	2048	2048	2048	1024
Assets/Furniture Mega Pack/Textures/Chairs/Chair47/Chair47_mat_Chair47_AlbedoTransparency.png	2048	2048	2048	1024
Assets/Furniture Mega Pack/Textures/Chairs/Chair47/Chair47_mat_Chair47_MetallicSmoothness.png	2048	2048	2048	1024
Assets/Furniture Mega Pack/Textures/Chairs/Chair47/Chair47_mat_Chair47_Normal.png	2048	2048	2048	1024
Assets/Furniture Mega Pack/Textures/Chairs/Chair48/Chair48_mat_Chair48_AlbedoTransparency.png	2048	2048	2048	1024
Assets/Furniture Mega Pack/Textures/Chairs/Chair48/Chair48_mat_Chair48_MetallicSmoothness.png	2048	2048	2048	1024
Assets/Furniture Mega Pack/Textures/Chairs/Chair48/Chair48_mat_Chair48_Normal.png	2048	2048	2048	1024
Assets/Furniture Mega Pack/Textures/Chairs/Chair49/Chair49_mat_Chair49_AlbedoTransparency.png	2048	2048	2048	1024
Assets/Furniture Mega Pack/Textures/Chairs/Chair49/Chair49_mat_Chair49_MetallicSmoothness.png	2048	2048	2048	1024
Assets/Furniture Mega Pack/Textures/Chairs/Chair49/Chair49_mat_Chair49_Normal.png	2048	2048	2048	1024
Assets/Furniture Mega Pack/Textures/Closet/AtlasTexture_Closet_AlbedoTransparency.png	2048	2048	2048	1024
Assets/Furniture Mega Pack/Textures/Closet/AtlasTexture_Closet_MetallicSmoothness.png	2048	2048	2048	1024
Assets/Furniture Mega Pack/Textures/Closet/AtlasTexture_Closet_Normal.png	2048	2048	2048	1024
Assets/Furniture Mega Pack/Textures/Cushions/Cushion01_08/Cushion01_08_mat_Cushion01_08_AlbedoTransparency.png	2048	2048	2048	1024
Assets/Furniture Mega Pack/Textures/Cushions/Cushion01_08/Cushion01_08_mat_Cushion01_08_MetallicSmoothness.png	2048	2048	2048	1024
Assets/Furniture Mega Pack/Textures/Cushions/Cushion01_08/Cushion01_08_mat_Cushion01_08_Normal.png	2048	2048	2048	1024
Assets/Furniture Mega Pack/Textures/Cushions/Cushion17_24/Cushion17_24_mat_Cushion17_24_AlbedoTransparency.png	2048	2048	2048	1024
Assets/Furniture Mega Pack/Textures/Cushions/Cushion17_24/Cushion17_24_mat_Cushion17_24_MetallicSmoothness.png	2048	2048	2048	1024
Assets/Furniture Mega Pack/Textures/Cushions/Cushion17_24/Cushion17_24_mat_Cushion17_24_Normal.png	2048	2048	2048	1024
Assets/Furniture Mega Pack/Textures/Sofas/Sofa13/Sofa13_mat_Sofa13_AlbedoTransparency.png	2048	2048	2048	1024
Assets/Furniture Mega Pack/Textures/Sofas/Sofa13/Sofa13_mat_Sofa13_MetallicSmoothness.png	2048	2048	2048	1024
Assets/Furniture Mega Pack/Textures/Sofas/Sofa13/Sofa13_mat_Sofa13_Normal.png	2048	2048	2048	1024
Assets/Furniture Mega Pack/Textures/Tables/Table06/Table06_mat_Table06_AlbedoTransparency.png	2048	2048	2048	1024
Assets/Furniture Mega Pack/Textures/Tables/Table06/Table06_mat_Table06_MetallicSmoothness.png	2048	2048	2048	1024
Assets/Furniture Mega Pack/Textures/Tables/Table06/Table06_mat_Table06_Normal.png	2048	2048	2048	1024
Assets/Furniture Mega Pack/Textures/Tables/Table38/Table38_mat_Table38_AlbedoTransparency.png	2048	2048	2048	1024
Assets/Furniture Mega Pack/Textures/Tables/Table38/Table38_mat_Table38_MetallicSmoothness.png	2048	2048	2048	1024
Assets/Furniture Mega Pack/Textures/Tables/Table38/Table38_mat_Table38_Normal.png	2048	2048	2048	1024
Assets/HyTeKGames/SRPMaterialConverter/ConvertedMaterials/Maps/balcony_wood_AO.png	2048	2048	2048	1024
Assets/HyTeKGames/SRPMaterialConverter/ConvertedMaterials/Maps/balcony_wood_Metallic.png	2048	2048	2048	1024
Assets/HyTeKGames/SRPMaterialConverter/ConvertedMaterials/Maps/carpet_AO.png	2048	2048	2048	1024
Assets/HyTeKGames/SRPMaterialConverter/ConvertedMaterials/Maps/carpet_Metallic.png	2048	2048	2048	1024
Assets/Idyllic Italian Coast Town/Textures/M_attachments_metal_BaseMap.png	2048	2048	2048	1024
Assets/Idyllic Italian Coast Town/Textures/M_attachments_metal_MaskMap.png	2048	2048	2048	1024
Assets/Idyllic Italian Coast Town/Textures/M_attachments_metal_Normal.png	2048	2048	2048	1024
Assets/Idyllic Italian Coast Town/Textures/M_attachments_stone_BaseMap.png	2048	2048	2048	1024
Assets/Idyllic Italian Coast Town/Textures/M_attachments_stone_MaskMap.png	2048	2048	2048	1024
Assets/Idyllic Italian Coast Town/Textures/M_attachments_stone_Normal.png	2048	2048	2048	1024
Assets/Idyllic Italian Coast Town/Textures/M_boat_kit_BaseMap.png	2048	2048	2048	1024
Assets/Idyllic Italian Coast Town/Textures/M_boat_kit_MaskMap.png	2048	2048	2048	1024
Assets/Idyllic Italian Coast Town/Textures/M_boat_kit_Normal.png	2048	2048	2048	1024
Assets/Idyllic Italian Coast Town/Textures/M_chairs_BaseMap.png	2048	2048	2048	1024
Assets/Idyllic Italian Coast Town/Textures/M_chairs_MaskMap.png	2048	2048	2048	1024
Assets/Idyllic Italian Coast Town/Textures/M_chairs_Normal.png	2048	2048	2048	1024
Assets/Idyllic Italian Coast Town/Textures/M_doors_italian_BaseMap.png	2048	2048	2048	1024
Assets/Idyllic Italian Coast Town/Textures/M_doors_italian_MaskMap.png	2048	2048	2048	1024
Assets/Idyllic Italian Coast Town/Textures/M_doors_italian_Normal.png	2048	2048	2048	1024
Assets/Idyllic Italian Coast Town/Textures/M_floortiles_ceramic_BaseColor.png	2048	2048	2048	1024
Assets/Idyllic Italian Coast Town/Textures/M_floortiles_ceramic_Normal.png	2048	2048	2048	1024
Assets/Idyllic Italian Coast Town/Textures/M_skybox_01.png	2048	2048	2048	1024
Assets/Idyllic Italian Coast Town/Textures/M_skybox_cloudy.png	2048	2048	2048	1024
Assets/Idyllic Italian Coast Town/Textures/M_windows_italian_BaseMap.png	2048	2048	2048	1024
Assets/Idyllic Italian Coast Town/Textures/M_windows_italian_Emissive.png	2048	2048	2048	1024
Assets/Idyllic Italian Coast Town/Textures/M_windows_italian_MaskMap.png	2048	2048	2048	1024
Assets/Idyllic Italian Coast Town/Textures/M_windows_italian_Normal.png	2048	2048	2048	1024
Assets/picture-frame/textures/pictureframe.png	2048	2048	2048	1024
Assets/Shaded Spectrum/Cozy Interiors Demo Pack/Textures/Gingham Kitchen Linen/GinghamKitchenLinenAlbedo.png	2048	2048	2048	1024
Assets/Shaded Spectrum/Cozy Interiors Demo Pack/Textures/Gingham Kitchen Linen/GinghamKitchenLinenAmbientOcclusionMap.png	2048	2048	2048	1024
Assets/Shaded Spectrum/Cozy Interiors Demo Pack/Textures/Gingham Kitchen Linen/GinghamKitchenLinenDisplacementMap.png	2048	2048	2048	1024
Assets/Shaded Spectrum/Cozy Interiors Demo Pack/Textures/Gingham Kitchen Linen/GinghamKitchenLinenNormalMap.png	2048	2048	2048	1024
Assets/Shaded Spectrum/Cozy Interiors Demo Pack/Textures/Painted Beech Wall Boards/PaintedBeechWallBoardsAlbedo.png	2048	2048	2048	1024
Assets/Shaded Spectrum/Cozy Interiors Demo Pack/Textures/Painted Beech Wall Boards/PaintedBeechWallBoardsAmbientOcclusionMap.png	2048	2048	2048	1024
Assets/Shaded Spectrum/Cozy Interiors Demo Pack/Textures/Painted Beech Wall Boards/PaintedBeechWallBoardsDisplacementMap.png	2048	2048	2048	1024
Assets/Shaded Spectrum/Cozy Interiors Demo Pack/Textures/Painted Beech Wall Boards/PaintedBeechWallBoardsNormalMap.png	2048	2048	2048	1024
Assets/SubstanceAssets/LittleGamesPack/Textures/GamePieces/GamePieces_Base_color.png	4096	4096	4096	1024
Assets/SubstanceAssets/LittleGamesPack/Textures/GamePieces/GamePieces_Metallic.png	4096	4096	4096	1024
Assets/SubstanceAssets/LittleGamesPack/Textures/GamePieces/GamePieces_Mixed_AO.png	4096	4096	4096	1024
Assets/SubstanceAssets/LittleGamesPack/Textures/GamePieces/GamePieces_Normal_OpenGL.png	4096	4096	4096	1024
Assets/TerrainSampleAssets/Textures/Terrain/Black_Sand_BaseColor.tif	2048	2048	2048	1024
Assets/TerrainSampleAssets/Textures/Terrain/Black_Sand_MaskMap.tif	2048	2048	2048	1024
Assets/TerrainSampleAssets/Textures/Terrain/Black_Sand_Normal.tif	2048	2048	2048	1024
Assets/TerrainSampleAssets/Textures/Terrain/Grass_B_BaseColor.tif	2048	2048	2048	1024
Assets/TerrainSampleAssets/Textures/Terrain/Grass_B_MaskMap.tif	2048	2048	2048	1024
Assets/TerrainSampleAssets/Textures/Terrain/Grass_B_Normal.tif	2048	2048	2048	1024
Assets/TerrainSampleAssets/Textures/Terrain/Grass_Dry_BaseColor.tif	2048	2048	2048	1024
Assets/TerrainSampleAssets/Textures/Terrain/Grass_Dry_MaskMap.tif	2048	2048	2048	1024
Assets/TerrainSampleAssets/Textures/Terrain/Grass_Dry_Normal.tif	2048	2048	2048	1024
Assets/TerrainSampleAssets/Textures/Terrain/Grass_Moss_BaseColor.tif	2048	2048	2048	1024
Assets/TerrainSampleAssets/Textures/Terrain/Grass_Moss_MaskMap.tif	2048	2048	2048	1024
Assets/TerrainSampleAssets/Textures/Terrain/Grass_Moss_Normal.tif	2048	2048	2048	1024
Assets/TerrainSampleAssets/Textures/Terrain/Pebbles_C_BaseColor.tif	2048	2048	2048	1024
Assets/TerrainSampleAssets/Textures/Terrain/Pebbles_C_MaskMap.tif	2048	2048	2048	1024
Assets/TerrainSampleAssets/Textures/Terrain/Pebbles_C_Normal.tif	2048	2048	2048	1024
Assets/TerrainSampleAssets/Textures/Terrain/Sand_BaseColor.tif	2048	2048	2048	1024
Assets/TerrainSampleAssets/Textures/Terrain/Sand_MaskMap.tif	2048	2048	2048	1024
Assets/TerrainSampleAssets/Textures/Terrain/Sand_Normal.tif	2048	2048	2048	1024
Assets/TerrainSampleAssets/Textures/Terrain/Soil_Rocks_BaseColor.tif	2048	2048	2048	1024
Assets/TerrainSampleAssets/Textures/Terrain/Soil_Rocks_MaskMap.tif	2048	2048	2048	1024
Assets/TerrainSampleAssets/Textures/Terrain/Soil_Rocks_Normal.tif	2048	2048	2048	1024
